07:00:17.714 [main] DEBUG org.apache.poi.openxml4j.opc.PackageRelationshipCollection - Parsing relationship: /xl/_rels/workbook.xml.rels
07:00:17.733 [main] DEBUG org.apache.poi.openxml4j.opc.PackageRelationshipCollection - Parsing relationship: /xl/worksheets/_rels/sheet1.xml.rels
07:00:17.737 [main] DEBUG org.apache.poi.openxml4j.opc.PackageRelationshipCollection - Parsing relationship: /_rels/.rels
07:00:18.593 [main] DEBUG org.apache.poi.openxml4j.opc.PackageRelationshipCollection - Parsing relationship: /xl/_rels/workbook.xml.rels
07:00:18.595 [main] DEBUG org.apache.poi.openxml4j.opc.PackageRelationshipCollection - Parsing relationship: /xl/worksheets/_rels/sheet1.xml.rels
07:00:18.598 [main] DEBUG org.apache.poi.openxml4j.opc.PackageRelationshipCollection - Parsing relationship: /_rels/.rels
07:00:18.655 [main] DEBUG org.apache.poi.openxml4j.opc.PackageRelationshipCollection - Parsing relationship: /xl/_rels/workbook.xml.rels
07:00:18.656 [main] DEBUG org.apache.poi.openxml4j.opc.PackageRelationshipCollection - Parsing relationship: /xl/worksheets/_rels/sheet1.xml.rels
07:00:18.658 [main] DEBUG org.apache.poi.openxml4j.opc.PackageRelationshipCollection - Parsing relationship: /_rels/.rels
07:00:18.711 [main] DEBUG org.apache.poi.openxml4j.opc.PackageRelationshipCollection - Parsing relationship: /xl/_rels/workbook.xml.rels
07:00:18.712 [main] DEBUG org.apache.poi.openxml4j.opc.PackageRelationshipCollection - Parsing relationship: /xl/worksheets/_rels/sheet1.xml.rels
07:00:18.714 [main] DEBUG org.apache.poi.openxml4j.opc.PackageRelationshipCollection - Parsing relationship: /_rels/.rels
07:00:18.758 [main] DEBUG org.apache.poi.openxml4j.opc.PackageRelationshipCollection - Parsing relationship: /xl/_rels/workbook.xml.rels
07:00:18.760 [main] DEBUG org.apache.poi.openxml4j.opc.PackageRelationshipCollection - Parsing relationship: /xl/worksheets/_rels/sheet1.xml.rels
07:00:18.762 [main] DEBUG org.apache.poi.openxml4j.opc.PackageRelationshipCollection - Parsing relationship: /_rels/.rels
07:00:18.801 [main] DEBUG org.apache.poi.openxml4j.opc.PackageRelationshipCollection - Parsing relationship: /xl/_rels/workbook.xml.rels
07:00:18.802 [main] DEBUG org.apache.poi.openxml4j.opc.PackageRelationshipCollection - Parsing relationship: /xl/worksheets/_rels/sheet1.xml.rels
07:00:18.804 [main] DEBUG org.apache.poi.openxml4j.opc.PackageRelationshipCollection - Parsing relationship: /_rels/.rels
07:00:18.850 [main] DEBUG org.apache.poi.openxml4j.opc.PackageRelationshipCollection - Parsing relationship: /xl/_rels/workbook.xml.rels
07:00:18.852 [main] DEBUG org.apache.poi.openxml4j.opc.PackageRelationshipCollection - Parsing relationship: /xl/worksheets/_rels/sheet1.xml.rels
07:00:18.854 [main] DEBUG org.apache.poi.openxml4j.opc.PackageRelationshipCollection - Parsing relationship: /_rels/.rels
07:00:18.894 [main] DEBUG org.apache.poi.openxml4j.opc.PackageRelationshipCollection - Parsing relationship: /xl/_rels/workbook.xml.rels
07:00:18.896 [main] DEBUG org.apache.poi.openxml4j.opc.PackageRelationshipCollection - Parsing relationship: /xl/worksheets/_rels/sheet1.xml.rels
07:00:18.898 [main] DEBUG org.apache.poi.openxml4j.opc.PackageRelationshipCollection - Parsing relationship: /_rels/.rels
07:00:18.937 [main] DEBUG org.apache.poi.openxml4j.opc.PackageRelationshipCollection - Parsing relationship: /xl/_rels/workbook.xml.rels
07:00:18.938 [main] DEBUG org.apache.poi.openxml4j.opc.PackageRelationshipCollection - Parsing relationship: /xl/worksheets/_rels/sheet1.xml.rels
07:00:18.940 [main] DEBUG org.apache.poi.openxml4j.opc.PackageRelationshipCollection - Parsing relationship: /_rels/.rels
07:00:18.972 [main] DEBUG org.apache.poi.openxml4j.opc.PackageRelationshipCollection - Parsing relationship: /xl/_rels/workbook.xml.rels
07:00:18.973 [main] DEBUG org.apache.poi.openxml4j.opc.PackageRelationshipCollection - Parsing relationship: /xl/worksheets/_rels/sheet1.xml.rels
07:00:18.974 [main] DEBUG org.apache.poi.openxml4j.opc.PackageRelationshipCollection - Parsing relationship: /_rels/.rels
07:00:19.005 [main] DEBUG org.apache.poi.openxml4j.opc.PackageRelationshipCollection - Parsing relationship: /xl/_rels/workbook.xml.rels
07:00:19.007 [main] DEBUG org.apache.poi.openxml4j.opc.PackageRelationshipCollection - Parsing relationship: /xl/worksheets/_rels/sheet1.xml.rels
07:00:19.009 [main] DEBUG org.apache.poi.openxml4j.opc.PackageRelationshipCollection - Parsing relationship: /_rels/.rels
07:00:19.047 [main] DEBUG org.apache.poi.openxml4j.opc.PackageRelationshipCollection - Parsing relationship: /xl/_rels/workbook.xml.rels
07:00:19.048 [main] DEBUG org.apache.poi.openxml4j.opc.PackageRelationshipCollection - Parsing relationship: /xl/worksheets/_rels/sheet1.xml.rels
07:00:19.050 [main] DEBUG org.apache.poi.openxml4j.opc.PackageRelationshipCollection - Parsing relationship: /_rels/.rels
07:00:19.080 [main] DEBUG org.apache.poi.openxml4j.opc.PackageRelationshipCollection - Parsing relationship: /xl/_rels/workbook.xml.rels
07:00:19.081 [main] DEBUG org.apache.poi.openxml4j.opc.PackageRelationshipCollection - Parsing relationship: /xl/worksheets/_rels/sheet1.xml.rels
07:00:19.083 [main] DEBUG org.apache.poi.openxml4j.opc.PackageRelationshipCollection - Parsing relationship: /_rels/.rels
07:00:19.116 [main] DEBUG org.apache.poi.openxml4j.opc.PackageRelationshipCollection - Parsing relationship: /xl/_rels/workbook.xml.rels
07:00:19.118 [main] DEBUG org.apache.poi.openxml4j.opc.PackageRelationshipCollection - Parsing relationship: /xl/worksheets/_rels/sheet1.xml.rels
07:00:19.119 [main] DEBUG org.apache.poi.openxml4j.opc.PackageRelationshipCollection - Parsing relationship: /_rels/.rels
07:00:19.150 [main] DEBUG org.apache.poi.openxml4j.opc.PackageRelationshipCollection - Parsing relationship: /xl/_rels/workbook.xml.rels
07:00:19.151 [main] DEBUG org.apache.poi.openxml4j.opc.PackageRelationshipCollection - Parsing relationship: /xl/worksheets/_rels/sheet1.xml.rels
07:00:19.152 [main] DEBUG org.apache.poi.openxml4j.opc.PackageRelationshipCollection - Parsing relationship: /_rels/.rels
07:00:19.179 [main] DEBUG org.apache.poi.openxml4j.opc.PackageRelationshipCollection - Parsing relationship: /xl/_rels/workbook.xml.rels
07:00:19.180 [main] DEBUG org.apache.poi.openxml4j.opc.PackageRelationshipCollection - Parsing relationship: /xl/worksheets/_rels/sheet1.xml.rels
07:00:19.182 [main] DEBUG org.apache.poi.openxml4j.opc.PackageRelationshipCollection - Parsing relationship: /_rels/.rels
07:00:19.208 [main] DEBUG org.apache.poi.openxml4j.opc.PackageRelationshipCollection - Parsing relationship: /xl/_rels/workbook.xml.rels
07:00:19.209 [main] DEBUG org.apache.poi.openxml4j.opc.PackageRelationshipCollection - Parsing relationship: /xl/worksheets/_rels/sheet1.xml.rels
07:00:19.210 [main] DEBUG org.apache.poi.openxml4j.opc.PackageRelationshipCollection - Parsing relationship: /_rels/.rels
07:00:19.248 [main] DEBUG org.apache.poi.openxml4j.opc.PackageRelationshipCollection - Parsing relationship: /xl/_rels/workbook.xml.rels
07:00:19.249 [main] DEBUG org.apache.poi.openxml4j.opc.PackageRelationshipCollection - Parsing relationship: /xl/worksheets/_rels/sheet1.xml.rels
07:00:19.251 [main] DEBUG org.apache.poi.openxml4j.opc.PackageRelationshipCollection - Parsing relationship: /_rels/.rels
07:58:07.506 [main] DEBUG org.apache.poi.openxml4j.opc.PackageRelationshipCollection - Parsing relationship: /xl/_rels/workbook.xml.rels
07:58:07.518 [main] DEBUG org.apache.poi.openxml4j.opc.PackageRelationshipCollection - Parsing relationship: /xl/worksheets/_rels/sheet1.xml.rels
07:58:07.523 [main] DEBUG org.apache.poi.openxml4j.opc.PackageRelationshipCollection - Parsing relationship: /_rels/.rels
07:58:08.448 [main] DEBUG org.apache.poi.openxml4j.opc.PackageRelationshipCollection - Parsing relationship: /xl/_rels/workbook.xml.rels
07:58:08.450 [main] DEBUG org.apache.poi.openxml4j.opc.PackageRelationshipCollection - Parsing relationship: /xl/worksheets/_rels/sheet1.xml.rels
07:58:08.452 [main] DEBUG org.apache.poi.openxml4j.opc.PackageRelationshipCollection - Parsing relationship: /_rels/.rels
07:58:08.509 [main] DEBUG org.apache.poi.openxml4j.opc.PackageRelationshipCollection - Parsing relationship: /xl/_rels/workbook.xml.rels
07:58:08.511 [main] DEBUG org.apache.poi.openxml4j.opc.PackageRelationshipCollection - Parsing relationship: /xl/worksheets/_rels/sheet1.xml.rels
07:58:08.513 [main] DEBUG org.apache.poi.openxml4j.opc.PackageRelationshipCollection - Parsing relationship: /_rels/.rels
07:58:08.578 [main] DEBUG org.apache.poi.openxml4j.opc.PackageRelationshipCollection - Parsing relationship: /xl/_rels/workbook.xml.rels
07:58:08.580 [main] DEBUG org.apache.poi.openxml4j.opc.PackageRelationshipCollection - Parsing relationship: /xl/worksheets/_rels/sheet1.xml.rels
07:58:08.582 [main] DEBUG org.apache.poi.openxml4j.opc.PackageRelationshipCollection - Parsing relationship: /_rels/.rels
07:58:08.634 [main] DEBUG org.apache.poi.openxml4j.opc.PackageRelationshipCollection - Parsing relationship: /xl/_rels/workbook.xml.rels
07:58:08.635 [main] DEBUG org.apache.poi.openxml4j.opc.PackageRelationshipCollection - Parsing relationship: /xl/worksheets/_rels/sheet1.xml.rels
07:58:08.637 [main] DEBUG org.apache.poi.openxml4j.opc.PackageRelationshipCollection - Parsing relationship: /_rels/.rels
07:58:08.678 [main] DEBUG org.apache.poi.openxml4j.opc.PackageRelationshipCollection - Parsing relationship: /xl/_rels/workbook.xml.rels
07:58:08.679 [main] DEBUG org.apache.poi.openxml4j.opc.PackageRelationshipCollection - Parsing relationship: /xl/worksheets/_rels/sheet1.xml.rels
07:58:08.681 [main] DEBUG org.apache.poi.openxml4j.opc.PackageRelationshipCollection - Parsing relationship: /_rels/.rels
07:58:08.728 [main] DEBUG org.apache.poi.openxml4j.opc.PackageRelationshipCollection - Parsing relationship: /xl/_rels/workbook.xml.rels
07:58:08.729 [main] DEBUG org.apache.poi.openxml4j.opc.PackageRelationshipCollection - Parsing relationship: /xl/worksheets/_rels/sheet1.xml.rels
07:58:08.731 [main] DEBUG org.apache.poi.openxml4j.opc.PackageRelationshipCollection - Parsing relationship: /_rels/.rels
07:58:08.773 [main] DEBUG org.apache.poi.openxml4j.opc.PackageRelationshipCollection - Parsing relationship: /xl/_rels/workbook.xml.rels
07:58:08.775 [main] DEBUG org.apache.poi.openxml4j.opc.PackageRelationshipCollection - Parsing relationship: /xl/worksheets/_rels/sheet1.xml.rels
07:58:08.777 [main] DEBUG org.apache.poi.openxml4j.opc.PackageRelationshipCollection - Parsing relationship: /_rels/.rels
07:58:08.817 [main] DEBUG org.apache.poi.openxml4j.opc.PackageRelationshipCollection - Parsing relationship: /xl/_rels/workbook.xml.rels
07:58:08.819 [main] DEBUG org.apache.poi.openxml4j.opc.PackageRelationshipCollection - Parsing relationship: /xl/worksheets/_rels/sheet1.xml.rels
07:58:08.820 [main] DEBUG org.apache.poi.openxml4j.opc.PackageRelationshipCollection - Parsing relationship: /_rels/.rels
07:58:08.862 [main] DEBUG org.apache.poi.openxml4j.opc.PackageRelationshipCollection - Parsing relationship: /xl/_rels/workbook.xml.rels
07:58:08.863 [main] DEBUG org.apache.poi.openxml4j.opc.PackageRelationshipCollection - Parsing relationship: /xl/worksheets/_rels/sheet1.xml.rels
07:58:08.865 [main] DEBUG org.apache.poi.openxml4j.opc.PackageRelationshipCollection - Parsing relationship: /_rels/.rels
07:58:08.902 [main] DEBUG org.apache.poi.openxml4j.opc.PackageRelationshipCollection - Parsing relationship: /xl/_rels/workbook.xml.rels
07:58:08.903 [main] DEBUG org.apache.poi.openxml4j.opc.PackageRelationshipCollection - Parsing relationship: /xl/worksheets/_rels/sheet1.xml.rels
07:58:08.904 [main] DEBUG org.apache.poi.openxml4j.opc.PackageRelationshipCollection - Parsing relationship: /_rels/.rels
07:58:08.940 [main] DEBUG org.apache.poi.openxml4j.opc.PackageRelationshipCollection - Parsing relationship: /xl/_rels/workbook.xml.rels
07:58:08.942 [main] DEBUG org.apache.poi.openxml4j.opc.PackageRelationshipCollection - Parsing relationship: /xl/worksheets/_rels/sheet1.xml.rels
07:58:08.943 [main] DEBUG org.apache.poi.openxml4j.opc.PackageRelationshipCollection - Parsing relationship: /_rels/.rels
07:58:08.981 [main] DEBUG org.apache.poi.openxml4j.opc.PackageRelationshipCollection - Parsing relationship: /xl/_rels/workbook.xml.rels
07:58:08.982 [main] DEBUG org.apache.poi.openxml4j.opc.PackageRelationshipCollection - Parsing relationship: /xl/worksheets/_rels/sheet1.xml.rels
07:58:08.984 [main] DEBUG org.apache.poi.openxml4j.opc.PackageRelationshipCollection - Parsing relationship: /_rels/.rels
07:58:09.019 [main] DEBUG org.apache.poi.openxml4j.opc.PackageRelationshipCollection - Parsing relationship: /xl/_rels/workbook.xml.rels
07:58:09.019 [main] DEBUG org.apache.poi.openxml4j.opc.PackageRelationshipCollection - Parsing relationship: /xl/worksheets/_rels/sheet1.xml.rels
07:58:09.021 [main] DEBUG org.apache.poi.openxml4j.opc.PackageRelationshipCollection - Parsing relationship: /_rels/.rels
07:58:09.056 [main] DEBUG org.apache.poi.openxml4j.opc.PackageRelationshipCollection - Parsing relationship: /xl/_rels/workbook.xml.rels
07:58:09.057 [main] DEBUG org.apache.poi.openxml4j.opc.PackageRelationshipCollection - Parsing relationship: /xl/worksheets/_rels/sheet1.xml.rels
07:58:09.059 [main] DEBUG org.apache.poi.openxml4j.opc.PackageRelationshipCollection - Parsing relationship: /_rels/.rels
07:58:09.092 [main] DEBUG org.apache.poi.openxml4j.opc.PackageRelationshipCollection - Parsing relationship: /xl/_rels/workbook.xml.rels
07:58:09.093 [main] DEBUG org.apache.poi.openxml4j.opc.PackageRelationshipCollection - Parsing relationship: /xl/worksheets/_rels/sheet1.xml.rels
07:58:09.094 [main] DEBUG org.apache.poi.openxml4j.opc.PackageRelationshipCollection - Parsing relationship: /_rels/.rels
07:58:09.132 [main] DEBUG org.apache.poi.openxml4j.opc.PackageRelationshipCollection - Parsing relationship: /xl/_rels/workbook.xml.rels
07:58:09.133 [main] DEBUG org.apache.poi.openxml4j.opc.PackageRelationshipCollection - Parsing relationship: /xl/worksheets/_rels/sheet1.xml.rels
07:58:09.134 [main] DEBUG org.apache.poi.openxml4j.opc.PackageRelationshipCollection - Parsing relationship: /_rels/.rels
07:58:09.164 [main] DEBUG org.apache.poi.openxml4j.opc.PackageRelationshipCollection - Parsing relationship: /xl/_rels/workbook.xml.rels
07:58:09.165 [main] DEBUG org.apache.poi.openxml4j.opc.PackageRelationshipCollection - Parsing relationship: /xl/worksheets/_rels/sheet1.xml.rels
07:58:09.166 [main] DEBUG org.apache.poi.openxml4j.opc.PackageRelationshipCollection - Parsing relationship: /_rels/.rels
08:03:20.122 [main] DEBUG org.apache.poi.openxml4j.opc.PackageRelationshipCollection - Parsing relationship: /xl/_rels/workbook.xml.rels
08:03:20.133 [main] DEBUG org.apache.poi.openxml4j.opc.PackageRelationshipCollection - Parsing relationship: /xl/worksheets/_rels/sheet1.xml.rels
08:03:20.138 [main] DEBUG org.apache.poi.openxml4j.opc.PackageRelationshipCollection - Parsing relationship: /_rels/.rels
08:03:21.090 [main] DEBUG org.apache.poi.openxml4j.opc.PackageRelationshipCollection - Parsing relationship: /xl/_rels/workbook.xml.rels
08:03:21.092 [main] DEBUG org.apache.poi.openxml4j.opc.PackageRelationshipCollection - Parsing relationship: /xl/worksheets/_rels/sheet1.xml.rels
08:03:21.095 [main] DEBUG org.apache.poi.openxml4j.opc.PackageRelationshipCollection - Parsing relationship: /_rels/.rels
08:03:21.157 [main] DEBUG org.apache.poi.openxml4j.opc.PackageRelationshipCollection - Parsing relationship: /xl/_rels/workbook.xml.rels
08:03:21.158 [main] DEBUG org.apache.poi.openxml4j.opc.PackageRelationshipCollection - Parsing relationship: /xl/worksheets/_rels/sheet1.xml.rels
08:03:21.161 [main] DEBUG org.apache.poi.openxml4j.opc.PackageRelationshipCollection - Parsing relationship: /_rels/.rels
08:03:21.229 [main] DEBUG org.apache.poi.openxml4j.opc.PackageRelationshipCollection - Parsing relationship: /xl/_rels/workbook.xml.rels
08:03:21.231 [main] DEBUG org.apache.poi.openxml4j.opc.PackageRelationshipCollection - Parsing relationship: /xl/worksheets/_rels/sheet1.xml.rels
08:03:21.233 [main] DEBUG org.apache.poi.openxml4j.opc.PackageRelationshipCollection - Parsing relationship: /_rels/.rels
08:03:21.280 [main] DEBUG org.apache.poi.openxml4j.opc.PackageRelationshipCollection - Parsing relationship: /xl/_rels/workbook.xml.rels
08:03:21.283 [main] DEBUG org.apache.poi.openxml4j.opc.PackageRelationshipCollection - Parsing relationship: /xl/worksheets/_rels/sheet1.xml.rels
08:03:21.284 [main] DEBUG org.apache.poi.openxml4j.opc.PackageRelationshipCollection - Parsing relationship: /_rels/.rels
08:03:21.329 [main] DEBUG org.apache.poi.openxml4j.opc.PackageRelationshipCollection - Parsing relationship: /xl/_rels/workbook.xml.rels
08:03:21.330 [main] DEBUG org.apache.poi.openxml4j.opc.PackageRelationshipCollection - Parsing relationship: /xl/worksheets/_rels/sheet1.xml.rels
08:03:21.332 [main] DEBUG org.apache.poi.openxml4j.opc.PackageRelationshipCollection - Parsing relationship: /_rels/.rels
08:03:21.377 [main] DEBUG org.apache.poi.openxml4j.opc.PackageRelationshipCollection - Parsing relationship: /xl/_rels/workbook.xml.rels
08:03:21.379 [main] DEBUG org.apache.poi.openxml4j.opc.PackageRelationshipCollection - Parsing relationship: /xl/worksheets/_rels/sheet1.xml.rels
08:03:21.380 [main] DEBUG org.apache.poi.openxml4j.opc.PackageRelationshipCollection - Parsing relationship: /_rels/.rels
08:03:21.424 [main] DEBUG org.apache.poi.openxml4j.opc.PackageRelationshipCollection - Parsing relationship: /xl/_rels/workbook.xml.rels
08:03:21.426 [main] DEBUG org.apache.poi.openxml4j.opc.PackageRelationshipCollection - Parsing relationship: /xl/worksheets/_rels/sheet1.xml.rels
08:03:21.427 [main] DEBUG org.apache.poi.openxml4j.opc.PackageRelationshipCollection - Parsing relationship: /_rels/.rels
08:03:21.468 [main] DEBUG org.apache.poi.openxml4j.opc.PackageRelationshipCollection - Parsing relationship: /xl/_rels/workbook.xml.rels
08:03:21.470 [main] DEBUG org.apache.poi.openxml4j.opc.PackageRelationshipCollection - Parsing relationship: /xl/worksheets/_rels/sheet1.xml.rels
08:03:21.471 [main] DEBUG org.apache.poi.openxml4j.opc.PackageRelationshipCollection - Parsing relationship: /_rels/.rels
08:03:21.505 [main] DEBUG org.apache.poi.openxml4j.opc.PackageRelationshipCollection - Parsing relationship: /xl/_rels/workbook.xml.rels
08:03:21.507 [main] DEBUG org.apache.poi.openxml4j.opc.PackageRelationshipCollection - Parsing relationship: /xl/worksheets/_rels/sheet1.xml.rels
08:03:21.509 [main] DEBUG org.apache.poi.openxml4j.opc.PackageRelationshipCollection - Parsing relationship: /_rels/.rels
08:03:21.550 [main] DEBUG org.apache.poi.openxml4j.opc.PackageRelationshipCollection - Parsing relationship: /xl/_rels/workbook.xml.rels
08:03:21.552 [main] DEBUG org.apache.poi.openxml4j.opc.PackageRelationshipCollection - Parsing relationship: /xl/worksheets/_rels/sheet1.xml.rels
08:03:21.554 [main] DEBUG org.apache.poi.openxml4j.opc.PackageRelationshipCollection - Parsing relationship: /_rels/.rels
08:03:21.590 [main] DEBUG org.apache.poi.openxml4j.opc.PackageRelationshipCollection - Parsing relationship: /xl/_rels/workbook.xml.rels
08:03:21.592 [main] DEBUG org.apache.poi.openxml4j.opc.PackageRelationshipCollection - Parsing relationship: /xl/worksheets/_rels/sheet1.xml.rels
08:03:21.594 [main] DEBUG org.apache.poi.openxml4j.opc.PackageRelationshipCollection - Parsing relationship: /_rels/.rels
08:03:21.628 [main] DEBUG org.apache.poi.openxml4j.opc.PackageRelationshipCollection - Parsing relationship: /xl/_rels/workbook.xml.rels
08:03:21.629 [main] DEBUG org.apache.poi.openxml4j.opc.PackageRelationshipCollection - Parsing relationship: /xl/worksheets/_rels/sheet1.xml.rels
08:03:21.631 [main] DEBUG org.apache.poi.openxml4j.opc.PackageRelationshipCollection - Parsing relationship: /_rels/.rels
08:03:21.662 [main] DEBUG org.apache.poi.openxml4j.opc.PackageRelationshipCollection - Parsing relationship: /xl/_rels/workbook.xml.rels
08:03:21.663 [main] DEBUG org.apache.poi.openxml4j.opc.PackageRelationshipCollection - Parsing relationship: /xl/worksheets/_rels/sheet1.xml.rels
08:03:21.664 [main] DEBUG org.apache.poi.openxml4j.opc.PackageRelationshipCollection - Parsing relationship: /_rels/.rels
08:03:21.738 [main] INFO  TestBase.BaseClass - ******** started Execution of HomePage **********
08:03:21.959 [main] INFO  TestBase.BaseClass - ******** Suucessfully Entered into Home Page **********
08:03:24.911 [main] INFO  TestBase.BaseClass - ******** started Execution of Login Page **********
08:03:25.380 [main] INFO  TestBase.BaseClass - ******** started Execution of MyAccountPage **********
08:03:26.488 [main] DEBUG org.apache.poi.openxml4j.opc.PackageRelationshipCollection - Parsing relationship: /xl/_rels/workbook.xml.rels
08:03:26.489 [main] DEBUG org.apache.poi.openxml4j.opc.PackageRelationshipCollection - Parsing relationship: /xl/worksheets/_rels/sheet1.xml.rels
08:03:26.490 [main] DEBUG org.apache.poi.openxml4j.opc.PackageRelationshipCollection - Parsing relationship: /_rels/.rels
08:03:26.530 [main] DEBUG org.apache.poi.openxml4j.opc.PackageRelationshipCollection - Parsing relationship: /xl/_rels/workbook.xml.rels
08:03:26.531 [main] DEBUG org.apache.poi.openxml4j.opc.PackageRelationshipCollection - Parsing relationship: /xl/worksheets/_rels/sheet1.xml.rels
08:03:26.533 [main] DEBUG org.apache.poi.openxml4j.opc.PackageRelationshipCollection - Parsing relationship: /_rels/.rels
08:03:26.577 [main] DEBUG org.apache.poi.openxml4j.opc.PackageRelationshipCollection - Parsing relationship: /xl/_rels/workbook.xml.rels
08:03:26.578 [main] DEBUG org.apache.poi.openxml4j.opc.PackageRelationshipCollection - Parsing relationship: /xl/worksheets/_rels/sheet1.xml.rels
08:03:26.579 [main] DEBUG org.apache.poi.openxml4j.opc.PackageRelationshipCollection - Parsing relationship: /_rels/.rels
08:03:29.565 [main] DEBUG org.apache.poi.openxml4j.opc.PackageRelationshipCollection - Parsing relationship: /xl/_rels/workbook.xml.rels
08:03:29.567 [main] DEBUG org.apache.poi.openxml4j.opc.PackageRelationshipCollection - Parsing relationship: /xl/worksheets/_rels/sheet1.xml.rels
08:03:29.570 [main] DEBUG org.apache.poi.openxml4j.opc.PackageRelationshipCollection - Parsing relationship: /_rels/.rels
08:03:29.747 [main] DEBUG org.apache.poi.openxml4j.opc.ZipPackage - Save content types part
08:03:29.894 [main] DEBUG org.apache.poi.openxml4j.opc.ZipPackage - Save package relationships
08:03:29.900 [main] DEBUG org.apache.poi.openxml4j.opc.ZipPackage - Save part 'docProps/app.xml'
08:03:29.901 [main] DEBUG org.apache.poi.openxml4j.opc.ZipPackage - Save part 'docProps/core.xml'
08:03:29.905 [main] DEBUG org.apache.poi.openxml4j.opc.ZipPackage - Save part 'docProps/custom.xml'
08:03:29.907 [main] DEBUG org.apache.poi.openxml4j.opc.ZipPackage - Save part 'xl/sharedStrings.xml'
08:03:29.907 [main] DEBUG org.apache.poi.openxml4j.opc.ZipPackage - Save part 'xl/styles.xml'
08:03:29.908 [main] DEBUG org.apache.poi.openxml4j.opc.ZipPackage - Save part 'xl/theme/theme1.xml'
08:03:29.909 [main] DEBUG org.apache.poi.openxml4j.opc.ZipPackage - Save part 'xl/workbook.xml'
08:03:29.912 [main] DEBUG org.apache.poi.openxml4j.opc.ZipPackage - Save part 'xl/worksheets/sheet1.xml'
08:03:29.914 [main] DEBUG org.apache.poi.openxml4j.opc.ZipPackage - Save part 'xl/worksheets/sheet2.xml'
08:03:29.914 [main] DEBUG org.apache.poi.openxml4j.opc.ZipPackage - Save part 'xl/worksheets/sheet3.xml'
08:03:29.926 [main] DEBUG org.apache.poi.openxml4j.opc.PackageRelationshipCollection - Parsing relationship: /xl/_rels/workbook.xml.rels
08:03:29.927 [main] DEBUG org.apache.poi.openxml4j.opc.PackageRelationshipCollection - Parsing relationship: /xl/worksheets/_rels/sheet1.xml.rels
08:03:29.928 [main] DEBUG org.apache.poi.openxml4j.opc.PackageRelationshipCollection - Parsing relationship: /_rels/.rels
08:03:29.997 [main] DEBUG org.apache.poi.openxml4j.opc.ZipPackage - Save content types part
08:03:30.000 [main] DEBUG org.apache.poi.openxml4j.opc.ZipPackage - Save package relationships
08:03:30.002 [main] DEBUG org.apache.poi.openxml4j.opc.ZipPackage - Save part 'docProps/app.xml'
08:03:30.003 [main] DEBUG org.apache.poi.openxml4j.opc.ZipPackage - Save part 'docProps/core.xml'
08:03:30.006 [main] DEBUG org.apache.poi.openxml4j.opc.ZipPackage - Save part 'docProps/custom.xml'
08:03:30.006 [main] DEBUG org.apache.poi.openxml4j.opc.ZipPackage - Save part 'xl/sharedStrings.xml'
08:03:30.006 [main] DEBUG org.apache.poi.openxml4j.opc.ZipPackage - Save part 'xl/styles.xml'
08:03:30.007 [main] DEBUG org.apache.poi.openxml4j.opc.ZipPackage - Save part 'xl/theme/theme1.xml'
08:03:30.008 [main] DEBUG org.apache.poi.openxml4j.opc.ZipPackage - Save part 'xl/workbook.xml'
08:03:30.011 [main] DEBUG org.apache.poi.openxml4j.opc.ZipPackage - Save part 'xl/worksheets/sheet1.xml'
08:03:30.014 [main] DEBUG org.apache.poi.openxml4j.opc.ZipPackage - Save part 'xl/worksheets/sheet2.xml'
08:03:30.014 [main] DEBUG org.apache.poi.openxml4j.opc.ZipPackage - Save part 'xl/worksheets/sheet3.xml'
08:03:30.067 [main] INFO  TestBase.BaseClass - ******** started Execution of HomePage **********
08:03:30.181 [main] INFO  TestBase.BaseClass - ******** Suucessfully Entered into Home Page **********
08:03:32.709 [main] INFO  TestBase.BaseClass - ******** started Execution of Login Page **********
08:03:33.150 [main] INFO  TestBase.BaseClass - ******** started Execution of MyAccountPage **********
08:03:43.186 [main] DEBUG org.apache.poi.openxml4j.opc.PackageRelationshipCollection - Parsing relationship: /xl/_rels/workbook.xml.rels
08:03:43.187 [main] DEBUG org.apache.poi.openxml4j.opc.PackageRelationshipCollection - Parsing relationship: /xl/worksheets/_rels/sheet1.xml.rels
08:03:43.188 [main] DEBUG org.apache.poi.openxml4j.opc.PackageRelationshipCollection - Parsing relationship: /_rels/.rels
08:03:43.218 [main] DEBUG org.apache.poi.openxml4j.opc.PackageRelationshipCollection - Parsing relationship: /xl/_rels/workbook.xml.rels
08:03:43.219 [main] DEBUG org.apache.poi.openxml4j.opc.PackageRelationshipCollection - Parsing relationship: /xl/worksheets/_rels/sheet1.xml.rels
08:03:43.220 [main] DEBUG org.apache.poi.openxml4j.opc.PackageRelationshipCollection - Parsing relationship: /_rels/.rels
08:03:43.246 [main] DEBUG org.apache.poi.openxml4j.opc.PackageRelationshipCollection - Parsing relationship: /xl/_rels/workbook.xml.rels
08:03:43.247 [main] DEBUG org.apache.poi.openxml4j.opc.PackageRelationshipCollection - Parsing relationship: /xl/worksheets/_rels/sheet1.xml.rels
08:03:43.248 [main] DEBUG org.apache.poi.openxml4j.opc.PackageRelationshipCollection - Parsing relationship: /_rels/.rels
08:03:43.275 [main] DEBUG org.apache.poi.openxml4j.opc.PackageRelationshipCollection - Parsing relationship: /xl/_rels/workbook.xml.rels
08:03:43.275 [main] DEBUG org.apache.poi.openxml4j.opc.PackageRelationshipCollection - Parsing relationship: /xl/worksheets/_rels/sheet1.xml.rels
08:03:43.276 [main] DEBUG org.apache.poi.openxml4j.opc.PackageRelationshipCollection - Parsing relationship: /_rels/.rels
08:03:43.303 [main] DEBUG org.apache.poi.openxml4j.opc.PackageRelationshipCollection - Parsing relationship: /xl/_rels/workbook.xml.rels
08:03:43.304 [main] DEBUG org.apache.poi.openxml4j.opc.PackageRelationshipCollection - Parsing relationship: /xl/worksheets/_rels/sheet1.xml.rels
08:03:43.305 [main] DEBUG org.apache.poi.openxml4j.opc.PackageRelationshipCollection - Parsing relationship: /_rels/.rels
08:03:43.329 [main] DEBUG org.apache.poi.openxml4j.opc.PackageRelationshipCollection - Parsing relationship: /xl/_rels/workbook.xml.rels
08:03:43.330 [main] DEBUG org.apache.poi.openxml4j.opc.PackageRelationshipCollection - Parsing relationship: /xl/worksheets/_rels/sheet1.xml.rels
08:03:43.331 [main] DEBUG org.apache.poi.openxml4j.opc.PackageRelationshipCollection - Parsing relationship: /_rels/.rels
08:03:43.367 [main] DEBUG org.apache.poi.openxml4j.opc.ZipPackage - Save content types part
08:03:43.370 [main] DEBUG org.apache.poi.openxml4j.opc.ZipPackage - Save package relationships
08:03:43.372 [main] DEBUG org.apache.poi.openxml4j.opc.ZipPackage - Save part 'docProps/app.xml'
08:03:43.373 [main] DEBUG org.apache.poi.openxml4j.opc.ZipPackage - Save part 'docProps/core.xml'
08:03:43.376 [main] DEBUG org.apache.poi.openxml4j.opc.ZipPackage - Save part 'docProps/custom.xml'
08:03:43.376 [main] DEBUG org.apache.poi.openxml4j.opc.ZipPackage - Save part 'xl/sharedStrings.xml'
08:03:43.376 [main] DEBUG org.apache.poi.openxml4j.opc.ZipPackage - Save part 'xl/styles.xml'
08:03:43.377 [main] DEBUG org.apache.poi.openxml4j.opc.ZipPackage - Save part 'xl/theme/theme1.xml'
08:03:43.377 [main] DEBUG org.apache.poi.openxml4j.opc.ZipPackage - Save part 'xl/workbook.xml'
08:03:43.379 [main] DEBUG org.apache.poi.openxml4j.opc.ZipPackage - Save part 'xl/worksheets/sheet1.xml'
08:03:43.382 [main] DEBUG org.apache.poi.openxml4j.opc.ZipPackage - Save part 'xl/worksheets/sheet2.xml'
08:03:43.382 [main] DEBUG org.apache.poi.openxml4j.opc.ZipPackage - Save part 'xl/worksheets/sheet3.xml'
08:03:43.391 [main] DEBUG org.apache.poi.openxml4j.opc.PackageRelationshipCollection - Parsing relationship: /xl/_rels/workbook.xml.rels
08:03:43.392 [main] DEBUG org.apache.poi.openxml4j.opc.PackageRelationshipCollection - Parsing relationship: /xl/worksheets/_rels/sheet1.xml.rels
08:03:43.392 [main] DEBUG org.apache.poi.openxml4j.opc.PackageRelationshipCollection - Parsing relationship: /_rels/.rels
08:03:43.424 [main] DEBUG org.apache.poi.openxml4j.opc.ZipPackage - Save content types part
08:03:43.427 [main] DEBUG org.apache.poi.openxml4j.opc.ZipPackage - Save package relationships
08:03:43.429 [main] DEBUG org.apache.poi.openxml4j.opc.ZipPackage - Save part 'docProps/app.xml'
08:03:43.430 [main] DEBUG org.apache.poi.openxml4j.opc.ZipPackage - Save part 'docProps/core.xml'
08:03:43.432 [main] DEBUG org.apache.poi.openxml4j.opc.ZipPackage - Save part 'docProps/custom.xml'
08:03:43.432 [main] DEBUG org.apache.poi.openxml4j.opc.ZipPackage - Save part 'xl/sharedStrings.xml'
08:03:43.433 [main] DEBUG org.apache.poi.openxml4j.opc.ZipPackage - Save part 'xl/styles.xml'
08:03:43.434 [main] DEBUG org.apache.poi.openxml4j.opc.ZipPackage - Save part 'xl/theme/theme1.xml'
08:03:43.434 [main] DEBUG org.apache.poi.openxml4j.opc.ZipPackage - Save part 'xl/workbook.xml'
08:03:43.437 [main] DEBUG org.apache.poi.openxml4j.opc.ZipPackage - Save part 'xl/worksheets/sheet1.xml'
08:03:43.439 [main] DEBUG org.apache.poi.openxml4j.opc.ZipPackage - Save part 'xl/worksheets/sheet2.xml'
08:03:43.440 [main] DEBUG org.apache.poi.openxml4j.opc.ZipPackage - Save part 'xl/worksheets/sheet3.xml'
08:03:43.446 [main] INFO  TestBase.BaseClass - ******** started Execution of HomePage **********
08:03:43.561 [main] INFO  TestBase.BaseClass - ******** Suucessfully Entered into Home Page **********
08:03:46.113 [main] INFO  TestBase.BaseClass - ******** started Execution of Login Page **********
08:03:46.504 [main] INFO  TestBase.BaseClass - ******** started Execution of MyAccountPage **********
08:03:56.549 [main] DEBUG org.apache.poi.openxml4j.opc.PackageRelationshipCollection - Parsing relationship: /xl/_rels/workbook.xml.rels
08:03:56.551 [main] DEBUG org.apache.poi.openxml4j.opc.PackageRelationshipCollection - Parsing relationship: /xl/worksheets/_rels/sheet1.xml.rels
08:03:56.552 [main] DEBUG org.apache.poi.openxml4j.opc.PackageRelationshipCollection - Parsing relationship: /_rels/.rels
08:03:56.582 [main] DEBUG org.apache.poi.openxml4j.opc.PackageRelationshipCollection - Parsing relationship: /xl/_rels/workbook.xml.rels
08:03:56.583 [main] DEBUG org.apache.poi.openxml4j.opc.PackageRelationshipCollection - Parsing relationship: /xl/worksheets/_rels/sheet1.xml.rels
08:03:56.583 [main] DEBUG org.apache.poi.openxml4j.opc.PackageRelationshipCollection - Parsing relationship: /_rels/.rels
08:03:56.613 [main] DEBUG org.apache.poi.openxml4j.opc.PackageRelationshipCollection - Parsing relationship: /xl/_rels/workbook.xml.rels
08:03:56.614 [main] DEBUG org.apache.poi.openxml4j.opc.PackageRelationshipCollection - Parsing relationship: /xl/worksheets/_rels/sheet1.xml.rels
08:03:56.616 [main] DEBUG org.apache.poi.openxml4j.opc.PackageRelationshipCollection - Parsing relationship: /_rels/.rels
08:03:56.642 [main] DEBUG org.apache.poi.openxml4j.opc.PackageRelationshipCollection - Parsing relationship: /xl/_rels/workbook.xml.rels
08:03:56.643 [main] DEBUG org.apache.poi.openxml4j.opc.PackageRelationshipCollection - Parsing relationship: /xl/worksheets/_rels/sheet1.xml.rels
08:03:56.644 [main] DEBUG org.apache.poi.openxml4j.opc.PackageRelationshipCollection - Parsing relationship: /_rels/.rels
08:03:56.668 [main] DEBUG org.apache.poi.openxml4j.opc.PackageRelationshipCollection - Parsing relationship: /xl/_rels/workbook.xml.rels
08:03:56.669 [main] DEBUG org.apache.poi.openxml4j.opc.PackageRelationshipCollection - Parsing relationship: /xl/worksheets/_rels/sheet1.xml.rels
08:03:56.669 [main] DEBUG org.apache.poi.openxml4j.opc.PackageRelationshipCollection - Parsing relationship: /_rels/.rels
08:03:56.693 [main] DEBUG org.apache.poi.openxml4j.opc.PackageRelationshipCollection - Parsing relationship: /xl/_rels/workbook.xml.rels
08:03:56.693 [main] DEBUG org.apache.poi.openxml4j.opc.PackageRelationshipCollection - Parsing relationship: /xl/worksheets/_rels/sheet1.xml.rels
08:03:56.694 [main] DEBUG org.apache.poi.openxml4j.opc.PackageRelationshipCollection - Parsing relationship: /_rels/.rels
08:03:56.716 [main] DEBUG org.apache.poi.openxml4j.opc.PackageRelationshipCollection - Parsing relationship: /xl/_rels/workbook.xml.rels
08:03:56.718 [main] DEBUG org.apache.poi.openxml4j.opc.PackageRelationshipCollection - Parsing relationship: /xl/worksheets/_rels/sheet1.xml.rels
08:03:56.718 [main] DEBUG org.apache.poi.openxml4j.opc.PackageRelationshipCollection - Parsing relationship: /_rels/.rels
08:03:56.740 [main] DEBUG org.apache.poi.openxml4j.opc.PackageRelationshipCollection - Parsing relationship: /xl/_rels/workbook.xml.rels
08:03:56.741 [main] DEBUG org.apache.poi.openxml4j.opc.PackageRelationshipCollection - Parsing relationship: /xl/worksheets/_rels/sheet1.xml.rels
08:03:56.742 [main] DEBUG org.apache.poi.openxml4j.opc.PackageRelationshipCollection - Parsing relationship: /_rels/.rels
08:03:56.771 [main] DEBUG org.apache.poi.openxml4j.opc.ZipPackage - Save content types part
08:03:56.774 [main] DEBUG org.apache.poi.openxml4j.opc.ZipPackage - Save package relationships
08:03:56.776 [main] DEBUG org.apache.poi.openxml4j.opc.ZipPackage - Save part 'docProps/app.xml'
08:03:56.777 [main] DEBUG org.apache.poi.openxml4j.opc.ZipPackage - Save part 'docProps/core.xml'
08:03:56.780 [main] DEBUG org.apache.poi.openxml4j.opc.ZipPackage - Save part 'docProps/custom.xml'
08:03:56.780 [main] DEBUG org.apache.poi.openxml4j.opc.ZipPackage - Save part 'xl/sharedStrings.xml'
08:03:56.781 [main] DEBUG org.apache.poi.openxml4j.opc.ZipPackage - Save part 'xl/styles.xml'
08:03:56.781 [main] DEBUG org.apache.poi.openxml4j.opc.ZipPackage - Save part 'xl/theme/theme1.xml'
08:03:56.782 [main] DEBUG org.apache.poi.openxml4j.opc.ZipPackage - Save part 'xl/workbook.xml'
08:03:56.785 [main] DEBUG org.apache.poi.openxml4j.opc.ZipPackage - Save part 'xl/worksheets/sheet1.xml'
08:03:56.787 [main] DEBUG org.apache.poi.openxml4j.opc.ZipPackage - Save part 'xl/worksheets/sheet2.xml'
08:03:56.788 [main] DEBUG org.apache.poi.openxml4j.opc.ZipPackage - Save part 'xl/worksheets/sheet3.xml'
08:03:56.795 [main] DEBUG org.apache.poi.openxml4j.opc.PackageRelationshipCollection - Parsing relationship: /xl/_rels/workbook.xml.rels
08:03:56.796 [main] DEBUG org.apache.poi.openxml4j.opc.PackageRelationshipCollection - Parsing relationship: /xl/worksheets/_rels/sheet1.xml.rels
08:03:56.797 [main] DEBUG org.apache.poi.openxml4j.opc.PackageRelationshipCollection - Parsing relationship: /_rels/.rels
08:03:56.829 [main] DEBUG org.apache.poi.openxml4j.opc.ZipPackage - Save content types part
08:03:56.832 [main] DEBUG org.apache.poi.openxml4j.opc.ZipPackage - Save package relationships
08:03:56.834 [main] DEBUG org.apache.poi.openxml4j.opc.ZipPackage - Save part 'docProps/app.xml'
08:03:56.834 [main] DEBUG org.apache.poi.openxml4j.opc.ZipPackage - Save part 'docProps/core.xml'
08:03:56.836 [main] DEBUG org.apache.poi.openxml4j.opc.ZipPackage - Save part 'docProps/custom.xml'
08:03:56.836 [main] DEBUG org.apache.poi.openxml4j.opc.ZipPackage - Save part 'xl/sharedStrings.xml'
08:03:56.837 [main] DEBUG org.apache.poi.openxml4j.opc.ZipPackage - Save part 'xl/styles.xml'
08:03:56.837 [main] DEBUG org.apache.poi.openxml4j.opc.ZipPackage - Save part 'xl/theme/theme1.xml'
08:03:56.837 [main] DEBUG org.apache.poi.openxml4j.opc.ZipPackage - Save part 'xl/workbook.xml'
08:03:56.840 [main] DEBUG org.apache.poi.openxml4j.opc.ZipPackage - Save part 'xl/worksheets/sheet1.xml'
08:03:56.842 [main] DEBUG org.apache.poi.openxml4j.opc.ZipPackage - Save part 'xl/worksheets/sheet2.xml'
08:03:56.842 [main] DEBUG org.apache.poi.openxml4j.opc.ZipPackage - Save part 'xl/worksheets/sheet3.xml'
08:03:56.848 [main] INFO  TestBase.BaseClass - ******** started Execution of HomePage **********
08:03:56.968 [main] INFO  TestBase.BaseClass - ******** Suucessfully Entered into Home Page **********
08:03:59.507 [main] INFO  TestBase.BaseClass - ******** started Execution of Login Page **********
08:03:59.951 [main] INFO  TestBase.BaseClass - ******** started Execution of MyAccountPage **********
08:04:09.995 [main] DEBUG org.apache.poi.openxml4j.opc.PackageRelationshipCollection - Parsing relationship: /xl/_rels/workbook.xml.rels
08:04:09.997 [main] DEBUG org.apache.poi.openxml4j.opc.PackageRelationshipCollection - Parsing relationship: /xl/worksheets/_rels/sheet1.xml.rels
08:04:09.998 [main] DEBUG org.apache.poi.openxml4j.opc.PackageRelationshipCollection - Parsing relationship: /_rels/.rels
08:04:10.027 [main] DEBUG org.apache.poi.openxml4j.opc.PackageRelationshipCollection - Parsing relationship: /xl/_rels/workbook.xml.rels
08:04:10.028 [main] DEBUG org.apache.poi.openxml4j.opc.PackageRelationshipCollection - Parsing relationship: /xl/worksheets/_rels/sheet1.xml.rels
08:04:10.029 [main] DEBUG org.apache.poi.openxml4j.opc.PackageRelationshipCollection - Parsing relationship: /_rels/.rels
08:04:10.053 [main] DEBUG org.apache.poi.openxml4j.opc.PackageRelationshipCollection - Parsing relationship: /xl/_rels/workbook.xml.rels
08:04:10.054 [main] DEBUG org.apache.poi.openxml4j.opc.PackageRelationshipCollection - Parsing relationship: /xl/worksheets/_rels/sheet1.xml.rels
08:04:10.054 [main] DEBUG org.apache.poi.openxml4j.opc.PackageRelationshipCollection - Parsing relationship: /_rels/.rels
08:04:10.076 [main] DEBUG org.apache.poi.openxml4j.opc.PackageRelationshipCollection - Parsing relationship: /xl/_rels/workbook.xml.rels
08:04:10.077 [main] DEBUG org.apache.poi.openxml4j.opc.PackageRelationshipCollection - Parsing relationship: /xl/worksheets/_rels/sheet1.xml.rels
08:04:10.078 [main] DEBUG org.apache.poi.openxml4j.opc.PackageRelationshipCollection - Parsing relationship: /_rels/.rels
08:04:10.098 [main] DEBUG org.apache.poi.openxml4j.opc.PackageRelationshipCollection - Parsing relationship: /xl/_rels/workbook.xml.rels
08:04:10.099 [main] DEBUG org.apache.poi.openxml4j.opc.PackageRelationshipCollection - Parsing relationship: /xl/worksheets/_rels/sheet1.xml.rels
08:04:10.099 [main] DEBUG org.apache.poi.openxml4j.opc.PackageRelationshipCollection - Parsing relationship: /_rels/.rels
08:04:10.122 [main] DEBUG org.apache.poi.openxml4j.opc.PackageRelationshipCollection - Parsing relationship: /xl/_rels/workbook.xml.rels
08:04:10.123 [main] DEBUG org.apache.poi.openxml4j.opc.PackageRelationshipCollection - Parsing relationship: /xl/worksheets/_rels/sheet1.xml.rels
08:04:10.124 [main] DEBUG org.apache.poi.openxml4j.opc.PackageRelationshipCollection - Parsing relationship: /_rels/.rels
08:04:10.142 [main] DEBUG org.apache.poi.openxml4j.opc.PackageRelationshipCollection - Parsing relationship: /xl/_rels/workbook.xml.rels
08:04:10.143 [main] DEBUG org.apache.poi.openxml4j.opc.PackageRelationshipCollection - Parsing relationship: /xl/worksheets/_rels/sheet1.xml.rels
08:04:10.144 [main] DEBUG org.apache.poi.openxml4j.opc.PackageRelationshipCollection - Parsing relationship: /_rels/.rels
08:04:10.167 [main] DEBUG org.apache.poi.openxml4j.opc.PackageRelationshipCollection - Parsing relationship: /xl/_rels/workbook.xml.rels
08:04:10.168 [main] DEBUG org.apache.poi.openxml4j.opc.PackageRelationshipCollection - Parsing relationship: /xl/worksheets/_rels/sheet1.xml.rels
08:04:10.169 [main] DEBUG org.apache.poi.openxml4j.opc.PackageRelationshipCollection - Parsing relationship: /_rels/.rels
08:04:10.190 [main] DEBUG org.apache.poi.openxml4j.opc.PackageRelationshipCollection - Parsing relationship: /xl/_rels/workbook.xml.rels
08:04:10.191 [main] DEBUG org.apache.poi.openxml4j.opc.PackageRelationshipCollection - Parsing relationship: /xl/worksheets/_rels/sheet1.xml.rels
08:04:10.191 [main] DEBUG org.apache.poi.openxml4j.opc.PackageRelationshipCollection - Parsing relationship: /_rels/.rels
08:04:10.212 [main] DEBUG org.apache.poi.openxml4j.opc.PackageRelationshipCollection - Parsing relationship: /xl/_rels/workbook.xml.rels
08:04:10.213 [main] DEBUG org.apache.poi.openxml4j.opc.PackageRelationshipCollection - Parsing relationship: /xl/worksheets/_rels/sheet1.xml.rels
08:04:10.214 [main] DEBUG org.apache.poi.openxml4j.opc.PackageRelationshipCollection - Parsing relationship: /_rels/.rels
08:04:10.241 [main] DEBUG org.apache.poi.openxml4j.opc.ZipPackage - Save content types part
08:04:10.243 [main] DEBUG org.apache.poi.openxml4j.opc.ZipPackage - Save package relationships
08:04:10.245 [main] DEBUG org.apache.poi.openxml4j.opc.ZipPackage - Save part 'docProps/app.xml'
08:04:10.246 [main] DEBUG org.apache.poi.openxml4j.opc.ZipPackage - Save part 'docProps/core.xml'
08:04:10.248 [main] DEBUG org.apache.poi.openxml4j.opc.ZipPackage - Save part 'docProps/custom.xml'
08:04:10.248 [main] DEBUG org.apache.poi.openxml4j.opc.ZipPackage - Save part 'xl/sharedStrings.xml'
08:04:10.248 [main] DEBUG org.apache.poi.openxml4j.opc.ZipPackage - Save part 'xl/styles.xml'
08:04:10.249 [main] DEBUG org.apache.poi.openxml4j.opc.ZipPackage - Save part 'xl/theme/theme1.xml'
08:04:10.249 [main] DEBUG org.apache.poi.openxml4j.opc.ZipPackage - Save part 'xl/workbook.xml'
08:04:10.251 [main] DEBUG org.apache.poi.openxml4j.opc.ZipPackage - Save part 'xl/worksheets/sheet1.xml'
08:04:10.253 [main] DEBUG org.apache.poi.openxml4j.opc.ZipPackage - Save part 'xl/worksheets/sheet2.xml'
08:04:10.253 [main] DEBUG org.apache.poi.openxml4j.opc.ZipPackage - Save part 'xl/worksheets/sheet3.xml'
08:04:10.261 [main] DEBUG org.apache.poi.openxml4j.opc.PackageRelationshipCollection - Parsing relationship: /xl/_rels/workbook.xml.rels
08:04:10.263 [main] DEBUG org.apache.poi.openxml4j.opc.PackageRelationshipCollection - Parsing relationship: /xl/worksheets/_rels/sheet1.xml.rels
08:04:10.264 [main] DEBUG org.apache.poi.openxml4j.opc.PackageRelationshipCollection - Parsing relationship: /_rels/.rels
08:04:10.294 [main] DEBUG org.apache.poi.openxml4j.opc.ZipPackage - Save content types part
08:04:10.296 [main] DEBUG org.apache.poi.openxml4j.opc.ZipPackage - Save package relationships
08:04:10.297 [main] DEBUG org.apache.poi.openxml4j.opc.ZipPackage - Save part 'docProps/app.xml'
08:04:10.298 [main] DEBUG org.apache.poi.openxml4j.opc.ZipPackage - Save part 'docProps/core.xml'
08:04:10.299 [main] DEBUG org.apache.poi.openxml4j.opc.ZipPackage - Save part 'docProps/custom.xml'
08:04:10.300 [main] DEBUG org.apache.poi.openxml4j.opc.ZipPackage - Save part 'xl/sharedStrings.xml'
08:04:10.300 [main] DEBUG org.apache.poi.openxml4j.opc.ZipPackage - Save part 'xl/styles.xml'
08:04:10.301 [main] DEBUG org.apache.poi.openxml4j.opc.ZipPackage - Save part 'xl/theme/theme1.xml'
08:04:10.301 [main] DEBUG org.apache.poi.openxml4j.opc.ZipPackage - Save part 'xl/workbook.xml'
08:04:10.304 [main] DEBUG org.apache.poi.openxml4j.opc.ZipPackage - Save part 'xl/worksheets/sheet1.xml'
08:04:10.306 [main] DEBUG org.apache.poi.openxml4j.opc.ZipPackage - Save part 'xl/worksheets/sheet2.xml'
08:04:10.306 [main] DEBUG org.apache.poi.openxml4j.opc.ZipPackage - Save part 'xl/worksheets/sheet3.xml'
08:11:54.780 [main] INFO  TestBase.BaseClass - ******** starting Execution of HomePage **********
08:11:55.895 [main] INFO  TestBase.BaseClass - ******** starting Execution of Account_Registration Page **********
08:11:55.921 [main] INFO  TestBase.BaseClass - ******** Entering UserName And Password **********
08:11:56.195 [main] INFO  TestBase.BaseClass - ******** Entering Email ID **********
08:11:56.511 [main] INFO  TestBase.BaseClass - ******** Accepting Submit Buttons **********
08:12:02.729 [main] INFO  TestBase.BaseClass - ******** Validating Confirmation Message  **********
08:14:28.688 [main] INFO  TestBase.BaseClass - ******** starting Execution of HomePage **********
08:14:29.605 [main] INFO  TestBase.BaseClass - ******** starting Execution of Account_Registration Page **********
08:14:29.630 [main] INFO  TestBase.BaseClass - ******** Entering UserName And Password **********
08:14:29.931 [main] INFO  TestBase.BaseClass - ******** Entering Email ID **********
08:14:30.256 [main] INFO  TestBase.BaseClass - ******** Accepting Submit Buttons **********
08:14:36.433 [main] INFO  TestBase.BaseClass - ******** Validating Confirmation Message  **********
08:14:37.472 [main] INFO  TestBase.BaseClass - ******** Registration Test Case got success  **********
08:17:36.413 [main] INFO  TestBase.BaseClass - ******** started Execution of HomePage **********
08:17:36.612 [main] INFO  TestBase.BaseClass - ******** Suucessfully Entered into Home Page **********
08:17:39.257 [main] INFO  TestBase.BaseClass - ******** started Execution of Login Page **********
08:17:39.470 [main] INFO  TestBase.BaseClass - ******** Suucessfully Navigated to Login Page **********
08:17:39.721 [main] INFO  TestBase.BaseClass - ******** started Execution of MyAccountPage Page **********
08:17:40.384 [main] INFO  TestBase.BaseClass - ******** Finished TC002 LoginPage successfully **********
08:17:42.591 [main] INFO  TestBase.BaseClass - ******** starting Execution of HomePage **********
08:17:43.427 [main] INFO  TestBase.BaseClass - ******** starting Execution of Account_Registration Page **********
08:17:43.454 [main] INFO  TestBase.BaseClass - ******** Entering UserName And Password **********
08:17:43.739 [main] INFO  TestBase.BaseClass - ******** Entering Email ID **********
08:17:44.061 [main] INFO  TestBase.BaseClass - ******** Accepting Submit Buttons **********
08:17:50.232 [main] INFO  TestBase.BaseClass - ******** Validating Confirmation Message  **********
08:17:51.185 [main] INFO  TestBase.BaseClass - ******** Registration Test Case got success  **********
08:19:31.300 [main] INFO  TestBase.BaseClass - ******** started Execution of HomePage **********
08:19:31.523 [main] INFO  TestBase.BaseClass - ******** Suucessfully Entered into Home Page **********
08:19:34.063 [main] INFO  TestBase.BaseClass - ******** started Execution of Login Page **********
08:19:34.274 [main] INFO  TestBase.BaseClass - ******** Suucessfully Navigated to Login Page **********
08:19:34.509 [main] INFO  TestBase.BaseClass - ******** started Execution of MyAccountPage Page **********
08:19:35.196 [main] INFO  TestBase.BaseClass - ******** Finished TC002 LoginPage successfully **********
08:19:37.320 [main] INFO  TestBase.BaseClass - ******** starting Execution of HomePage **********
08:19:38.150 [main] INFO  TestBase.BaseClass - ******** starting Execution of Account_Registration Page **********
08:19:38.199 [main] INFO  TestBase.BaseClass - ******** Entering UserName And Password **********
08:19:38.474 [main] INFO  TestBase.BaseClass - ******** Entering Email ID **********
08:19:38.774 [main] INFO  TestBase.BaseClass - ******** Accepting Submit Buttons **********
08:19:44.954 [main] INFO  TestBase.BaseClass - ******** Validating Confirmation Message  **********
08:19:45.861 [main] INFO  TestBase.BaseClass - ******** Registration Test Case got success  **********
08:21:16.352 [main] DEBUG org.apache.poi.openxml4j.opc.PackageRelationshipCollection - Parsing relationship: /xl/_rels/workbook.xml.rels
08:21:16.361 [main] DEBUG org.apache.poi.openxml4j.opc.PackageRelationshipCollection - Parsing relationship: /xl/worksheets/_rels/sheet1.xml.rels
08:21:16.364 [main] DEBUG org.apache.poi.openxml4j.opc.PackageRelationshipCollection - Parsing relationship: /_rels/.rels
08:21:17.194 [main] DEBUG org.apache.poi.openxml4j.opc.PackageRelationshipCollection - Parsing relationship: /xl/_rels/workbook.xml.rels
08:21:17.196 [main] DEBUG org.apache.poi.openxml4j.opc.PackageRelationshipCollection - Parsing relationship: /xl/worksheets/_rels/sheet1.xml.rels
08:21:17.197 [main] DEBUG org.apache.poi.openxml4j.opc.PackageRelationshipCollection - Parsing relationship: /_rels/.rels
08:21:17.256 [main] DEBUG org.apache.poi.openxml4j.opc.PackageRelationshipCollection - Parsing relationship: /xl/_rels/workbook.xml.rels
08:21:17.258 [main] DEBUG org.apache.poi.openxml4j.opc.PackageRelationshipCollection - Parsing relationship: /xl/worksheets/_rels/sheet1.xml.rels
08:21:17.260 [main] DEBUG org.apache.poi.openxml4j.opc.PackageRelationshipCollection - Parsing relationship: /_rels/.rels
08:21:17.317 [main] DEBUG org.apache.poi.openxml4j.opc.PackageRelationshipCollection - Parsing relationship: /xl/_rels/workbook.xml.rels
08:21:17.319 [main] DEBUG org.apache.poi.openxml4j.opc.PackageRelationshipCollection - Parsing relationship: /xl/worksheets/_rels/sheet1.xml.rels
08:21:17.321 [main] DEBUG org.apache.poi.openxml4j.opc.PackageRelationshipCollection - Parsing relationship: /_rels/.rels
08:21:17.363 [main] DEBUG org.apache.poi.openxml4j.opc.PackageRelationshipCollection - Parsing relationship: /xl/_rels/workbook.xml.rels
08:21:17.365 [main] DEBUG org.apache.poi.openxml4j.opc.PackageRelationshipCollection - Parsing relationship: /xl/worksheets/_rels/sheet1.xml.rels
08:21:17.367 [main] DEBUG org.apache.poi.openxml4j.opc.PackageRelationshipCollection - Parsing relationship: /_rels/.rels
08:21:17.407 [main] DEBUG org.apache.poi.openxml4j.opc.PackageRelationshipCollection - Parsing relationship: /xl/_rels/workbook.xml.rels
08:21:17.409 [main] DEBUG org.apache.poi.openxml4j.opc.PackageRelationshipCollection - Parsing relationship: /xl/worksheets/_rels/sheet1.xml.rels
08:21:17.411 [main] DEBUG org.apache.poi.openxml4j.opc.PackageRelationshipCollection - Parsing relationship: /_rels/.rels
08:21:17.454 [main] DEBUG org.apache.poi.openxml4j.opc.PackageRelationshipCollection - Parsing relationship: /xl/_rels/workbook.xml.rels
08:21:17.456 [main] DEBUG org.apache.poi.openxml4j.opc.PackageRelationshipCollection - Parsing relationship: /xl/worksheets/_rels/sheet1.xml.rels
08:21:17.457 [main] DEBUG org.apache.poi.openxml4j.opc.PackageRelationshipCollection - Parsing relationship: /_rels/.rels
08:21:17.496 [main] DEBUG org.apache.poi.openxml4j.opc.PackageRelationshipCollection - Parsing relationship: /xl/_rels/workbook.xml.rels
08:21:17.497 [main] DEBUG org.apache.poi.openxml4j.opc.PackageRelationshipCollection - Parsing relationship: /xl/worksheets/_rels/sheet1.xml.rels
08:21:17.499 [main] DEBUG org.apache.poi.openxml4j.opc.PackageRelationshipCollection - Parsing relationship: /_rels/.rels
08:21:17.535 [main] DEBUG org.apache.poi.openxml4j.opc.PackageRelationshipCollection - Parsing relationship: /xl/_rels/workbook.xml.rels
08:21:17.536 [main] DEBUG org.apache.poi.openxml4j.opc.PackageRelationshipCollection - Parsing relationship: /xl/worksheets/_rels/sheet1.xml.rels
08:21:17.538 [main] DEBUG org.apache.poi.openxml4j.opc.PackageRelationshipCollection - Parsing relationship: /_rels/.rels
08:21:17.570 [main] DEBUG org.apache.poi.openxml4j.opc.PackageRelationshipCollection - Parsing relationship: /xl/_rels/workbook.xml.rels
08:21:17.571 [main] DEBUG org.apache.poi.openxml4j.opc.PackageRelationshipCollection - Parsing relationship: /xl/worksheets/_rels/sheet1.xml.rels
08:21:17.572 [main] DEBUG org.apache.poi.openxml4j.opc.PackageRelationshipCollection - Parsing relationship: /_rels/.rels
08:21:17.608 [main] DEBUG org.apache.poi.openxml4j.opc.PackageRelationshipCollection - Parsing relationship: /xl/_rels/workbook.xml.rels
08:21:17.610 [main] DEBUG org.apache.poi.openxml4j.opc.PackageRelationshipCollection - Parsing relationship: /xl/worksheets/_rels/sheet1.xml.rels
08:21:17.612 [main] DEBUG org.apache.poi.openxml4j.opc.PackageRelationshipCollection - Parsing relationship: /_rels/.rels
08:21:17.644 [main] DEBUG org.apache.poi.openxml4j.opc.PackageRelationshipCollection - Parsing relationship: /xl/_rels/workbook.xml.rels
08:21:17.645 [main] DEBUG org.apache.poi.openxml4j.opc.PackageRelationshipCollection - Parsing relationship: /xl/worksheets/_rels/sheet1.xml.rels
08:21:17.645 [main] DEBUG org.apache.poi.openxml4j.opc.PackageRelationshipCollection - Parsing relationship: /_rels/.rels
08:21:17.676 [main] DEBUG org.apache.poi.openxml4j.opc.PackageRelationshipCollection - Parsing relationship: /xl/_rels/workbook.xml.rels
08:21:17.677 [main] DEBUG org.apache.poi.openxml4j.opc.PackageRelationshipCollection - Parsing relationship: /xl/worksheets/_rels/sheet1.xml.rels
08:21:17.677 [main] DEBUG org.apache.poi.openxml4j.opc.PackageRelationshipCollection - Parsing relationship: /_rels/.rels
08:21:17.710 [main] DEBUG org.apache.poi.openxml4j.opc.PackageRelationshipCollection - Parsing relationship: /xl/_rels/workbook.xml.rels
08:21:17.711 [main] DEBUG org.apache.poi.openxml4j.opc.PackageRelationshipCollection - Parsing relationship: /xl/worksheets/_rels/sheet1.xml.rels
08:21:17.712 [main] DEBUG org.apache.poi.openxml4j.opc.PackageRelationshipCollection - Parsing relationship: /_rels/.rels
08:21:17.741 [main] DEBUG org.apache.poi.openxml4j.opc.PackageRelationshipCollection - Parsing relationship: /xl/_rels/workbook.xml.rels
08:21:17.742 [main] DEBUG org.apache.poi.openxml4j.opc.PackageRelationshipCollection - Parsing relationship: /xl/worksheets/_rels/sheet1.xml.rels
08:21:17.743 [main] DEBUG org.apache.poi.openxml4j.opc.PackageRelationshipCollection - Parsing relationship: /_rels/.rels
08:21:17.781 [main] DEBUG org.apache.poi.openxml4j.opc.PackageRelationshipCollection - Parsing relationship: /xl/_rels/workbook.xml.rels
08:21:17.782 [main] DEBUG org.apache.poi.openxml4j.opc.PackageRelationshipCollection - Parsing relationship: /xl/worksheets/_rels/sheet1.xml.rels
08:21:17.783 [main] DEBUG org.apache.poi.openxml4j.opc.PackageRelationshipCollection - Parsing relationship: /_rels/.rels
08:21:17.816 [main] DEBUG org.apache.poi.openxml4j.opc.PackageRelationshipCollection - Parsing relationship: /xl/_rels/workbook.xml.rels
08:21:17.817 [main] DEBUG org.apache.poi.openxml4j.opc.PackageRelationshipCollection - Parsing relationship: /xl/worksheets/_rels/sheet1.xml.rels
08:21:17.818 [main] DEBUG org.apache.poi.openxml4j.opc.PackageRelationshipCollection - Parsing relationship: /_rels/.rels
08:21:17.845 [main] DEBUG org.apache.poi.openxml4j.opc.PackageRelationshipCollection - Parsing relationship: /xl/_rels/workbook.xml.rels
08:21:17.846 [main] DEBUG org.apache.poi.openxml4j.opc.PackageRelationshipCollection - Parsing relationship: /xl/worksheets/_rels/sheet1.xml.rels
08:21:17.847 [main] DEBUG org.apache.poi.openxml4j.opc.PackageRelationshipCollection - Parsing relationship: /_rels/.rels
08:23:14.740 [main] DEBUG org.apache.poi.openxml4j.opc.PackageRelationshipCollection - Parsing relationship: /xl/_rels/workbook.xml.rels
08:23:14.749 [main] DEBUG org.apache.poi.openxml4j.opc.PackageRelationshipCollection - Parsing relationship: /xl/worksheets/_rels/sheet1.xml.rels
08:23:14.751 [main] DEBUG org.apache.poi.openxml4j.opc.PackageRelationshipCollection - Parsing relationship: /_rels/.rels
08:23:15.551 [main] DEBUG org.apache.poi.openxml4j.opc.PackageRelationshipCollection - Parsing relationship: /xl/_rels/workbook.xml.rels
08:23:15.553 [main] DEBUG org.apache.poi.openxml4j.opc.PackageRelationshipCollection - Parsing relationship: /xl/worksheets/_rels/sheet1.xml.rels
08:23:15.555 [main] DEBUG org.apache.poi.openxml4j.opc.PackageRelationshipCollection - Parsing relationship: /_rels/.rels
08:23:15.614 [main] DEBUG org.apache.poi.openxml4j.opc.PackageRelationshipCollection - Parsing relationship: /xl/_rels/workbook.xml.rels
08:23:15.616 [main] DEBUG org.apache.poi.openxml4j.opc.PackageRelationshipCollection - Parsing relationship: /xl/worksheets/_rels/sheet1.xml.rels
08:23:15.618 [main] DEBUG org.apache.poi.openxml4j.opc.PackageRelationshipCollection - Parsing relationship: /_rels/.rels
08:23:15.675 [main] DEBUG org.apache.poi.openxml4j.opc.PackageRelationshipCollection - Parsing relationship: /xl/_rels/workbook.xml.rels
08:23:15.676 [main] DEBUG org.apache.poi.openxml4j.opc.PackageRelationshipCollection - Parsing relationship: /xl/worksheets/_rels/sheet1.xml.rels
08:23:15.677 [main] DEBUG org.apache.poi.openxml4j.opc.PackageRelationshipCollection - Parsing relationship: /_rels/.rels
08:23:15.720 [main] DEBUG org.apache.poi.openxml4j.opc.PackageRelationshipCollection - Parsing relationship: /xl/_rels/workbook.xml.rels
08:23:15.722 [main] DEBUG org.apache.poi.openxml4j.opc.PackageRelationshipCollection - Parsing relationship: /xl/worksheets/_rels/sheet1.xml.rels
08:23:15.724 [main] DEBUG org.apache.poi.openxml4j.opc.PackageRelationshipCollection - Parsing relationship: /_rels/.rels
08:23:15.770 [main] DEBUG org.apache.poi.openxml4j.opc.PackageRelationshipCollection - Parsing relationship: /xl/_rels/workbook.xml.rels
08:23:15.772 [main] DEBUG org.apache.poi.openxml4j.opc.PackageRelationshipCollection - Parsing relationship: /xl/worksheets/_rels/sheet1.xml.rels
08:23:15.773 [main] DEBUG org.apache.poi.openxml4j.opc.PackageRelationshipCollection - Parsing relationship: /_rels/.rels
08:23:15.818 [main] DEBUG org.apache.poi.openxml4j.opc.PackageRelationshipCollection - Parsing relationship: /xl/_rels/workbook.xml.rels
08:23:15.820 [main] DEBUG org.apache.poi.openxml4j.opc.PackageRelationshipCollection - Parsing relationship: /xl/worksheets/_rels/sheet1.xml.rels
08:23:15.821 [main] DEBUG org.apache.poi.openxml4j.opc.PackageRelationshipCollection - Parsing relationship: /_rels/.rels
08:23:15.860 [main] DEBUG org.apache.poi.openxml4j.opc.PackageRelationshipCollection - Parsing relationship: /xl/_rels/workbook.xml.rels
08:23:15.861 [main] DEBUG org.apache.poi.openxml4j.opc.PackageRelationshipCollection - Parsing relationship: /xl/worksheets/_rels/sheet1.xml.rels
08:23:15.861 [main] DEBUG org.apache.poi.openxml4j.opc.PackageRelationshipCollection - Parsing relationship: /_rels/.rels
08:23:15.894 [main] DEBUG org.apache.poi.openxml4j.opc.PackageRelationshipCollection - Parsing relationship: /xl/_rels/workbook.xml.rels
08:23:15.897 [main] DEBUG org.apache.poi.openxml4j.opc.PackageRelationshipCollection - Parsing relationship: /xl/worksheets/_rels/sheet1.xml.rels
08:23:15.898 [main] DEBUG org.apache.poi.openxml4j.opc.PackageRelationshipCollection - Parsing relationship: /_rels/.rels
08:23:15.936 [main] DEBUG org.apache.poi.openxml4j.opc.PackageRelationshipCollection - Parsing relationship: /xl/_rels/workbook.xml.rels
08:23:15.937 [main] DEBUG org.apache.poi.openxml4j.opc.PackageRelationshipCollection - Parsing relationship: /xl/worksheets/_rels/sheet1.xml.rels
08:23:15.939 [main] DEBUG org.apache.poi.openxml4j.opc.PackageRelationshipCollection - Parsing relationship: /_rels/.rels
08:23:15.977 [main] DEBUG org.apache.poi.openxml4j.opc.PackageRelationshipCollection - Parsing relationship: /xl/_rels/workbook.xml.rels
08:23:15.978 [main] DEBUG org.apache.poi.openxml4j.opc.PackageRelationshipCollection - Parsing relationship: /xl/worksheets/_rels/sheet1.xml.rels
08:23:15.979 [main] DEBUG org.apache.poi.openxml4j.opc.PackageRelationshipCollection - Parsing relationship: /_rels/.rels
08:23:16.014 [main] DEBUG org.apache.poi.openxml4j.opc.PackageRelationshipCollection - Parsing relationship: /xl/_rels/workbook.xml.rels
08:23:16.016 [main] DEBUG org.apache.poi.openxml4j.opc.PackageRelationshipCollection - Parsing relationship: /xl/worksheets/_rels/sheet1.xml.rels
08:23:16.017 [main] DEBUG org.apache.poi.openxml4j.opc.PackageRelationshipCollection - Parsing relationship: /_rels/.rels
08:23:16.054 [main] DEBUG org.apache.poi.openxml4j.opc.PackageRelationshipCollection - Parsing relationship: /xl/_rels/workbook.xml.rels
08:23:16.055 [main] DEBUG org.apache.poi.openxml4j.opc.PackageRelationshipCollection - Parsing relationship: /xl/worksheets/_rels/sheet1.xml.rels
08:23:16.056 [main] DEBUG org.apache.poi.openxml4j.opc.PackageRelationshipCollection - Parsing relationship: /_rels/.rels
08:23:16.091 [main] DEBUG org.apache.poi.openxml4j.opc.PackageRelationshipCollection - Parsing relationship: /xl/_rels/workbook.xml.rels
08:23:16.093 [main] DEBUG org.apache.poi.openxml4j.opc.PackageRelationshipCollection - Parsing relationship: /xl/worksheets/_rels/sheet1.xml.rels
08:23:16.094 [main] DEBUG org.apache.poi.openxml4j.opc.PackageRelationshipCollection - Parsing relationship: /_rels/.rels
08:24:31.350 [main] DEBUG org.apache.poi.openxml4j.opc.PackageRelationshipCollection - Parsing relationship: /xl/_rels/workbook.xml.rels
08:24:31.358 [main] DEBUG org.apache.poi.openxml4j.opc.PackageRelationshipCollection - Parsing relationship: /xl/worksheets/_rels/sheet1.xml.rels
08:24:31.360 [main] DEBUG org.apache.poi.openxml4j.opc.PackageRelationshipCollection - Parsing relationship: /_rels/.rels
08:24:32.118 [main] DEBUG org.apache.poi.openxml4j.opc.PackageRelationshipCollection - Parsing relationship: /xl/_rels/workbook.xml.rels
08:24:32.120 [main] DEBUG org.apache.poi.openxml4j.opc.PackageRelationshipCollection - Parsing relationship: /xl/worksheets/_rels/sheet1.xml.rels
08:24:32.122 [main] DEBUG org.apache.poi.openxml4j.opc.PackageRelationshipCollection - Parsing relationship: /_rels/.rels
08:24:32.174 [main] DEBUG org.apache.poi.openxml4j.opc.PackageRelationshipCollection - Parsing relationship: /xl/_rels/workbook.xml.rels
08:24:32.176 [main] DEBUG org.apache.poi.openxml4j.opc.PackageRelationshipCollection - Parsing relationship: /xl/worksheets/_rels/sheet1.xml.rels
08:24:32.178 [main] DEBUG org.apache.poi.openxml4j.opc.PackageRelationshipCollection - Parsing relationship: /_rels/.rels
08:24:32.239 [main] DEBUG org.apache.poi.openxml4j.opc.PackageRelationshipCollection - Parsing relationship: /xl/_rels/workbook.xml.rels
08:24:32.241 [main] DEBUG org.apache.poi.openxml4j.opc.PackageRelationshipCollection - Parsing relationship: /xl/worksheets/_rels/sheet1.xml.rels
08:24:32.242 [main] DEBUG org.apache.poi.openxml4j.opc.PackageRelationshipCollection - Parsing relationship: /_rels/.rels
08:24:32.287 [main] DEBUG org.apache.poi.openxml4j.opc.PackageRelationshipCollection - Parsing relationship: /xl/_rels/workbook.xml.rels
08:24:32.289 [main] DEBUG org.apache.poi.openxml4j.opc.PackageRelationshipCollection - Parsing relationship: /xl/worksheets/_rels/sheet1.xml.rels
08:24:32.290 [main] DEBUG org.apache.poi.openxml4j.opc.PackageRelationshipCollection - Parsing relationship: /_rels/.rels
08:24:32.335 [main] DEBUG org.apache.poi.openxml4j.opc.PackageRelationshipCollection - Parsing relationship: /xl/_rels/workbook.xml.rels
08:24:32.336 [main] DEBUG org.apache.poi.openxml4j.opc.PackageRelationshipCollection - Parsing relationship: /xl/worksheets/_rels/sheet1.xml.rels
08:24:32.337 [main] DEBUG org.apache.poi.openxml4j.opc.PackageRelationshipCollection - Parsing relationship: /_rels/.rels
08:24:32.382 [main] DEBUG org.apache.poi.openxml4j.opc.PackageRelationshipCollection - Parsing relationship: /xl/_rels/workbook.xml.rels
08:24:32.383 [main] DEBUG org.apache.poi.openxml4j.opc.PackageRelationshipCollection - Parsing relationship: /xl/worksheets/_rels/sheet1.xml.rels
08:24:32.384 [main] DEBUG org.apache.poi.openxml4j.opc.PackageRelationshipCollection - Parsing relationship: /_rels/.rels
08:24:32.424 [main] DEBUG org.apache.poi.openxml4j.opc.PackageRelationshipCollection - Parsing relationship: /xl/_rels/workbook.xml.rels
08:24:32.426 [main] DEBUG org.apache.poi.openxml4j.opc.PackageRelationshipCollection - Parsing relationship: /xl/worksheets/_rels/sheet1.xml.rels
08:24:32.427 [main] DEBUG org.apache.poi.openxml4j.opc.PackageRelationshipCollection - Parsing relationship: /_rels/.rels
08:24:32.472 [main] DEBUG org.apache.poi.openxml4j.opc.PackageRelationshipCollection - Parsing relationship: /xl/_rels/workbook.xml.rels
08:24:32.474 [main] DEBUG org.apache.poi.openxml4j.opc.PackageRelationshipCollection - Parsing relationship: /xl/worksheets/_rels/sheet1.xml.rels
08:24:32.475 [main] DEBUG org.apache.poi.openxml4j.opc.PackageRelationshipCollection - Parsing relationship: /_rels/.rels
08:24:32.513 [main] DEBUG org.apache.poi.openxml4j.opc.PackageRelationshipCollection - Parsing relationship: /xl/_rels/workbook.xml.rels
08:24:32.514 [main] DEBUG org.apache.poi.openxml4j.opc.PackageRelationshipCollection - Parsing relationship: /xl/worksheets/_rels/sheet1.xml.rels
08:24:32.515 [main] DEBUG org.apache.poi.openxml4j.opc.PackageRelationshipCollection - Parsing relationship: /_rels/.rels
08:24:32.547 [main] DEBUG org.apache.poi.openxml4j.opc.PackageRelationshipCollection - Parsing relationship: /xl/_rels/workbook.xml.rels
08:24:32.548 [main] DEBUG org.apache.poi.openxml4j.opc.PackageRelationshipCollection - Parsing relationship: /xl/worksheets/_rels/sheet1.xml.rels
08:24:32.550 [main] DEBUG org.apache.poi.openxml4j.opc.PackageRelationshipCollection - Parsing relationship: /_rels/.rels
08:24:32.588 [main] DEBUG org.apache.poi.openxml4j.opc.PackageRelationshipCollection - Parsing relationship: /xl/_rels/workbook.xml.rels
08:24:32.590 [main] DEBUG org.apache.poi.openxml4j.opc.PackageRelationshipCollection - Parsing relationship: /xl/worksheets/_rels/sheet1.xml.rels
08:24:32.591 [main] DEBUG org.apache.poi.openxml4j.opc.PackageRelationshipCollection - Parsing relationship: /_rels/.rels
08:24:32.629 [main] DEBUG org.apache.poi.openxml4j.opc.PackageRelationshipCollection - Parsing relationship: /xl/_rels/workbook.xml.rels
08:24:32.630 [main] DEBUG org.apache.poi.openxml4j.opc.PackageRelationshipCollection - Parsing relationship: /xl/worksheets/_rels/sheet1.xml.rels
08:24:32.631 [main] DEBUG org.apache.poi.openxml4j.opc.PackageRelationshipCollection - Parsing relationship: /_rels/.rels
08:24:32.672 [main] DEBUG org.apache.poi.openxml4j.opc.PackageRelationshipCollection - Parsing relationship: /xl/_rels/workbook.xml.rels
08:24:32.674 [main] DEBUG org.apache.poi.openxml4j.opc.PackageRelationshipCollection - Parsing relationship: /xl/worksheets/_rels/sheet1.xml.rels
08:24:32.675 [main] DEBUG org.apache.poi.openxml4j.opc.PackageRelationshipCollection - Parsing relationship: /_rels/.rels
08:27:52.441 [main] DEBUG org.apache.poi.openxml4j.opc.PackageRelationshipCollection - Parsing relationship: /xl/_rels/workbook.xml.rels
08:27:52.449 [main] DEBUG org.apache.poi.openxml4j.opc.PackageRelationshipCollection - Parsing relationship: /xl/worksheets/_rels/sheet1.xml.rels
08:27:52.451 [main] DEBUG org.apache.poi.openxml4j.opc.PackageRelationshipCollection - Parsing relationship: /_rels/.rels
08:27:53.258 [main] DEBUG org.apache.poi.openxml4j.opc.PackageRelationshipCollection - Parsing relationship: /xl/_rels/workbook.xml.rels
08:27:53.261 [main] DEBUG org.apache.poi.openxml4j.opc.PackageRelationshipCollection - Parsing relationship: /xl/worksheets/_rels/sheet1.xml.rels
08:27:53.263 [main] DEBUG org.apache.poi.openxml4j.opc.PackageRelationshipCollection - Parsing relationship: /_rels/.rels
08:27:53.332 [main] DEBUG org.apache.poi.openxml4j.opc.PackageRelationshipCollection - Parsing relationship: /xl/_rels/workbook.xml.rels
08:27:53.334 [main] DEBUG org.apache.poi.openxml4j.opc.PackageRelationshipCollection - Parsing relationship: /xl/worksheets/_rels/sheet1.xml.rels
08:27:53.335 [main] DEBUG org.apache.poi.openxml4j.opc.PackageRelationshipCollection - Parsing relationship: /_rels/.rels
08:27:53.405 [main] DEBUG org.apache.poi.openxml4j.opc.PackageRelationshipCollection - Parsing relationship: /xl/_rels/workbook.xml.rels
08:27:53.408 [main] DEBUG org.apache.poi.openxml4j.opc.PackageRelationshipCollection - Parsing relationship: /xl/worksheets/_rels/sheet1.xml.rels
08:27:53.409 [main] DEBUG org.apache.poi.openxml4j.opc.PackageRelationshipCollection - Parsing relationship: /_rels/.rels
08:27:53.455 [main] DEBUG org.apache.poi.openxml4j.opc.PackageRelationshipCollection - Parsing relationship: /xl/_rels/workbook.xml.rels
08:27:53.457 [main] DEBUG org.apache.poi.openxml4j.opc.PackageRelationshipCollection - Parsing relationship: /xl/worksheets/_rels/sheet1.xml.rels
08:27:53.458 [main] DEBUG org.apache.poi.openxml4j.opc.PackageRelationshipCollection - Parsing relationship: /_rels/.rels
08:27:53.502 [main] DEBUG org.apache.poi.openxml4j.opc.PackageRelationshipCollection - Parsing relationship: /xl/_rels/workbook.xml.rels
08:27:53.504 [main] DEBUG org.apache.poi.openxml4j.opc.PackageRelationshipCollection - Parsing relationship: /xl/worksheets/_rels/sheet1.xml.rels
08:27:53.505 [main] DEBUG org.apache.poi.openxml4j.opc.PackageRelationshipCollection - Parsing relationship: /_rels/.rels
08:27:53.548 [main] DEBUG org.apache.poi.openxml4j.opc.PackageRelationshipCollection - Parsing relationship: /xl/_rels/workbook.xml.rels
08:27:53.549 [main] DEBUG org.apache.poi.openxml4j.opc.PackageRelationshipCollection - Parsing relationship: /xl/worksheets/_rels/sheet1.xml.rels
08:27:53.551 [main] DEBUG org.apache.poi.openxml4j.opc.PackageRelationshipCollection - Parsing relationship: /_rels/.rels
08:27:53.588 [main] DEBUG org.apache.poi.openxml4j.opc.PackageRelationshipCollection - Parsing relationship: /xl/_rels/workbook.xml.rels
08:27:53.589 [main] DEBUG org.apache.poi.openxml4j.opc.PackageRelationshipCollection - Parsing relationship: /xl/worksheets/_rels/sheet1.xml.rels
08:27:53.592 [main] DEBUG org.apache.poi.openxml4j.opc.PackageRelationshipCollection - Parsing relationship: /_rels/.rels
08:27:53.630 [main] DEBUG org.apache.poi.openxml4j.opc.PackageRelationshipCollection - Parsing relationship: /xl/_rels/workbook.xml.rels
08:27:53.631 [main] DEBUG org.apache.poi.openxml4j.opc.PackageRelationshipCollection - Parsing relationship: /xl/worksheets/_rels/sheet1.xml.rels
08:27:53.633 [main] DEBUG org.apache.poi.openxml4j.opc.PackageRelationshipCollection - Parsing relationship: /_rels/.rels
08:27:53.667 [main] DEBUG org.apache.poi.openxml4j.opc.PackageRelationshipCollection - Parsing relationship: /xl/_rels/workbook.xml.rels
08:27:53.669 [main] DEBUG org.apache.poi.openxml4j.opc.PackageRelationshipCollection - Parsing relationship: /xl/worksheets/_rels/sheet1.xml.rels
08:27:53.670 [main] DEBUG org.apache.poi.openxml4j.opc.PackageRelationshipCollection - Parsing relationship: /_rels/.rels
08:27:53.712 [main] DEBUG org.apache.poi.openxml4j.opc.PackageRelationshipCollection - Parsing relationship: /xl/_rels/workbook.xml.rels
08:27:53.713 [main] DEBUG org.apache.poi.openxml4j.opc.PackageRelationshipCollection - Parsing relationship: /xl/worksheets/_rels/sheet1.xml.rels
08:27:53.714 [main] DEBUG org.apache.poi.openxml4j.opc.PackageRelationshipCollection - Parsing relationship: /_rels/.rels
08:27:53.759 [main] DEBUG org.apache.poi.openxml4j.opc.PackageRelationshipCollection - Parsing relationship: /xl/_rels/workbook.xml.rels
08:27:53.760 [main] DEBUG org.apache.poi.openxml4j.opc.PackageRelationshipCollection - Parsing relationship: /xl/worksheets/_rels/sheet1.xml.rels
08:27:53.761 [main] DEBUG org.apache.poi.openxml4j.opc.PackageRelationshipCollection - Parsing relationship: /_rels/.rels
08:27:53.801 [main] DEBUG org.apache.poi.openxml4j.opc.PackageRelationshipCollection - Parsing relationship: /xl/_rels/workbook.xml.rels
08:27:53.802 [main] DEBUG org.apache.poi.openxml4j.opc.PackageRelationshipCollection - Parsing relationship: /xl/worksheets/_rels/sheet1.xml.rels
08:27:53.803 [main] DEBUG org.apache.poi.openxml4j.opc.PackageRelationshipCollection - Parsing relationship: /_rels/.rels
08:27:53.839 [main] DEBUG org.apache.poi.openxml4j.opc.PackageRelationshipCollection - Parsing relationship: /xl/_rels/workbook.xml.rels
08:27:53.840 [main] DEBUG org.apache.poi.openxml4j.opc.PackageRelationshipCollection - Parsing relationship: /xl/worksheets/_rels/sheet1.xml.rels
08:27:53.842 [main] DEBUG org.apache.poi.openxml4j.opc.PackageRelationshipCollection - Parsing relationship: /_rels/.rels
08:30:14.638 [main] DEBUG org.apache.poi.openxml4j.opc.PackageRelationshipCollection - Parsing relationship: /xl/_rels/workbook.xml.rels
08:30:14.649 [main] DEBUG org.apache.poi.openxml4j.opc.PackageRelationshipCollection - Parsing relationship: /xl/worksheets/_rels/sheet1.xml.rels
08:30:14.652 [main] DEBUG org.apache.poi.openxml4j.opc.PackageRelationshipCollection - Parsing relationship: /_rels/.rels
08:30:15.506 [main] DEBUG org.apache.poi.openxml4j.opc.PackageRelationshipCollection - Parsing relationship: /xl/_rels/workbook.xml.rels
08:30:15.509 [main] DEBUG org.apache.poi.openxml4j.opc.PackageRelationshipCollection - Parsing relationship: /xl/worksheets/_rels/sheet1.xml.rels
08:30:15.511 [main] DEBUG org.apache.poi.openxml4j.opc.PackageRelationshipCollection - Parsing relationship: /_rels/.rels
08:30:15.570 [main] DEBUG org.apache.poi.openxml4j.opc.PackageRelationshipCollection - Parsing relationship: /xl/_rels/workbook.xml.rels
08:30:15.573 [main] DEBUG org.apache.poi.openxml4j.opc.PackageRelationshipCollection - Parsing relationship: /xl/worksheets/_rels/sheet1.xml.rels
08:30:15.574 [main] DEBUG org.apache.poi.openxml4j.opc.PackageRelationshipCollection - Parsing relationship: /_rels/.rels
08:30:15.648 [main] DEBUG org.apache.poi.openxml4j.opc.PackageRelationshipCollection - Parsing relationship: /xl/_rels/workbook.xml.rels
08:30:15.649 [main] DEBUG org.apache.poi.openxml4j.opc.PackageRelationshipCollection - Parsing relationship: /xl/worksheets/_rels/sheet1.xml.rels
08:30:15.650 [main] DEBUG org.apache.poi.openxml4j.opc.PackageRelationshipCollection - Parsing relationship: /_rels/.rels
08:30:15.705 [main] DEBUG org.apache.poi.openxml4j.opc.PackageRelationshipCollection - Parsing relationship: /xl/_rels/workbook.xml.rels
08:30:15.706 [main] DEBUG org.apache.poi.openxml4j.opc.PackageRelationshipCollection - Parsing relationship: /xl/worksheets/_rels/sheet1.xml.rels
08:30:15.708 [main] DEBUG org.apache.poi.openxml4j.opc.PackageRelationshipCollection - Parsing relationship: /_rels/.rels
08:30:15.756 [main] DEBUG org.apache.poi.openxml4j.opc.PackageRelationshipCollection - Parsing relationship: /xl/_rels/workbook.xml.rels
08:30:15.757 [main] DEBUG org.apache.poi.openxml4j.opc.PackageRelationshipCollection - Parsing relationship: /xl/worksheets/_rels/sheet1.xml.rels
08:30:15.759 [main] DEBUG org.apache.poi.openxml4j.opc.PackageRelationshipCollection - Parsing relationship: /_rels/.rels
08:30:15.801 [main] DEBUG org.apache.poi.openxml4j.opc.PackageRelationshipCollection - Parsing relationship: /xl/_rels/workbook.xml.rels
08:30:15.803 [main] DEBUG org.apache.poi.openxml4j.opc.PackageRelationshipCollection - Parsing relationship: /xl/worksheets/_rels/sheet1.xml.rels
08:30:15.805 [main] DEBUG org.apache.poi.openxml4j.opc.PackageRelationshipCollection - Parsing relationship: /_rels/.rels
08:30:15.857 [main] DEBUG org.apache.poi.openxml4j.opc.PackageRelationshipCollection - Parsing relationship: /xl/_rels/workbook.xml.rels
08:30:15.860 [main] DEBUG org.apache.poi.openxml4j.opc.PackageRelationshipCollection - Parsing relationship: /xl/worksheets/_rels/sheet1.xml.rels
08:30:15.862 [main] DEBUG org.apache.poi.openxml4j.opc.PackageRelationshipCollection - Parsing relationship: /_rels/.rels
08:30:15.909 [main] DEBUG org.apache.poi.openxml4j.opc.PackageRelationshipCollection - Parsing relationship: /xl/_rels/workbook.xml.rels
08:30:15.911 [main] DEBUG org.apache.poi.openxml4j.opc.PackageRelationshipCollection - Parsing relationship: /xl/worksheets/_rels/sheet1.xml.rels
08:30:15.912 [main] DEBUG org.apache.poi.openxml4j.opc.PackageRelationshipCollection - Parsing relationship: /_rels/.rels
08:30:15.961 [main] DEBUG org.apache.poi.openxml4j.opc.PackageRelationshipCollection - Parsing relationship: /xl/_rels/workbook.xml.rels
08:30:15.962 [main] DEBUG org.apache.poi.openxml4j.opc.PackageRelationshipCollection - Parsing relationship: /xl/worksheets/_rels/sheet1.xml.rels
08:30:15.964 [main] DEBUG org.apache.poi.openxml4j.opc.PackageRelationshipCollection - Parsing relationship: /_rels/.rels
08:30:16.009 [main] DEBUG org.apache.poi.openxml4j.opc.PackageRelationshipCollection - Parsing relationship: /xl/_rels/workbook.xml.rels
08:30:16.010 [main] DEBUG org.apache.poi.openxml4j.opc.PackageRelationshipCollection - Parsing relationship: /xl/worksheets/_rels/sheet1.xml.rels
08:30:16.012 [main] DEBUG org.apache.poi.openxml4j.opc.PackageRelationshipCollection - Parsing relationship: /_rels/.rels
08:30:16.054 [main] DEBUG org.apache.poi.openxml4j.opc.PackageRelationshipCollection - Parsing relationship: /xl/_rels/workbook.xml.rels
08:30:16.055 [main] DEBUG org.apache.poi.openxml4j.opc.PackageRelationshipCollection - Parsing relationship: /xl/worksheets/_rels/sheet1.xml.rels
08:30:16.057 [main] DEBUG org.apache.poi.openxml4j.opc.PackageRelationshipCollection - Parsing relationship: /_rels/.rels
08:30:16.103 [main] DEBUG org.apache.poi.openxml4j.opc.PackageRelationshipCollection - Parsing relationship: /xl/_rels/workbook.xml.rels
08:30:16.105 [main] DEBUG org.apache.poi.openxml4j.opc.PackageRelationshipCollection - Parsing relationship: /xl/worksheets/_rels/sheet1.xml.rels
08:30:16.106 [main] DEBUG org.apache.poi.openxml4j.opc.PackageRelationshipCollection - Parsing relationship: /_rels/.rels
08:30:16.145 [main] DEBUG org.apache.poi.openxml4j.opc.PackageRelationshipCollection - Parsing relationship: /xl/_rels/workbook.xml.rels
08:30:16.146 [main] DEBUG org.apache.poi.openxml4j.opc.PackageRelationshipCollection - Parsing relationship: /xl/worksheets/_rels/sheet1.xml.rels
08:30:16.147 [main] DEBUG org.apache.poi.openxml4j.opc.PackageRelationshipCollection - Parsing relationship: /_rels/.rels
08:30:16.205 [main] INFO  TestBase.BaseClass - ******** started Execution of HomePage **********
08:30:16.409 [main] INFO  TestBase.BaseClass - ******** Suucessfully Entered into Home Page **********
08:30:19.072 [main] INFO  TestBase.BaseClass - ******** started Execution of Login Page **********
08:30:19.270 [main] INFO  TestBase.BaseClass - ******** Suucessfully Navigated to Login Page **********
08:30:19.531 [main] INFO  TestBase.BaseClass - ******** started Execution of MyAccountPage Page **********
08:30:23.027 [main] INFO  TestBase.BaseClass - ******** started Execution of HomePage **********
08:30:23.158 [main] INFO  TestBase.BaseClass - ******** Suucessfully Entered into Home Page **********
08:30:25.748 [main] INFO  TestBase.BaseClass - ******** started Execution of Login Page **********
08:30:25.959 [main] INFO  TestBase.BaseClass - ******** Suucessfully Navigated to Login Page **********
08:30:26.215 [main] INFO  TestBase.BaseClass - ******** started Execution of MyAccountPage Page **********
08:30:36.286 [main] INFO  TestBase.BaseClass - ******** started Execution of HomePage **********
08:30:36.414 [main] INFO  TestBase.BaseClass - ******** Suucessfully Entered into Home Page **********
08:30:38.953 [main] INFO  TestBase.BaseClass - ******** started Execution of Login Page **********
08:30:39.127 [main] INFO  TestBase.BaseClass - ******** Suucessfully Navigated to Login Page **********
08:30:39.345 [main] INFO  TestBase.BaseClass - ******** started Execution of MyAccountPage Page **********
08:30:49.390 [main] INFO  TestBase.BaseClass - ******** started Execution of HomePage **********
08:30:49.523 [main] INFO  TestBase.BaseClass - ******** Suucessfully Entered into Home Page **********
08:30:52.038 [main] INFO  TestBase.BaseClass - ******** started Execution of Login Page **********
08:30:52.247 [main] INFO  TestBase.BaseClass - ******** Suucessfully Navigated to Login Page **********
08:30:52.504 [main] INFO  TestBase.BaseClass - ******** started Execution of MyAccountPage Page **********
09:47:44.845 [main] DEBUG org.apache.poi.openxml4j.opc.PackageRelationshipCollection - Parsing relationship: /xl/_rels/workbook.xml.rels
09:47:44.865 [main] DEBUG org.apache.poi.openxml4j.opc.PackageRelationshipCollection - Parsing relationship: /xl/worksheets/_rels/sheet1.xml.rels
09:47:44.870 [main] DEBUG org.apache.poi.openxml4j.opc.PackageRelationshipCollection - Parsing relationship: /_rels/.rels
09:47:45.901 [main] DEBUG org.apache.poi.openxml4j.opc.PackageRelationshipCollection - Parsing relationship: /xl/_rels/workbook.xml.rels
09:47:45.903 [main] DEBUG org.apache.poi.openxml4j.opc.PackageRelationshipCollection - Parsing relationship: /xl/worksheets/_rels/sheet1.xml.rels
09:47:45.905 [main] DEBUG org.apache.poi.openxml4j.opc.PackageRelationshipCollection - Parsing relationship: /_rels/.rels
09:47:45.966 [main] DEBUG org.apache.poi.openxml4j.opc.PackageRelationshipCollection - Parsing relationship: /xl/_rels/workbook.xml.rels
09:47:45.968 [main] DEBUG org.apache.poi.openxml4j.opc.PackageRelationshipCollection - Parsing relationship: /xl/worksheets/_rels/sheet1.xml.rels
09:47:45.970 [main] DEBUG org.apache.poi.openxml4j.opc.PackageRelationshipCollection - Parsing relationship: /_rels/.rels
09:47:46.044 [main] DEBUG org.apache.poi.openxml4j.opc.PackageRelationshipCollection - Parsing relationship: /xl/_rels/workbook.xml.rels
09:47:46.046 [main] DEBUG org.apache.poi.openxml4j.opc.PackageRelationshipCollection - Parsing relationship: /xl/worksheets/_rels/sheet1.xml.rels
09:47:46.048 [main] DEBUG org.apache.poi.openxml4j.opc.PackageRelationshipCollection - Parsing relationship: /_rels/.rels
09:47:46.114 [main] DEBUG org.apache.poi.openxml4j.opc.PackageRelationshipCollection - Parsing relationship: /xl/_rels/workbook.xml.rels
09:47:46.115 [main] DEBUG org.apache.poi.openxml4j.opc.PackageRelationshipCollection - Parsing relationship: /xl/worksheets/_rels/sheet1.xml.rels
09:47:46.118 [main] DEBUG org.apache.poi.openxml4j.opc.PackageRelationshipCollection - Parsing relationship: /_rels/.rels
09:47:46.172 [main] DEBUG org.apache.poi.openxml4j.opc.PackageRelationshipCollection - Parsing relationship: /xl/_rels/workbook.xml.rels
09:47:46.174 [main] DEBUG org.apache.poi.openxml4j.opc.PackageRelationshipCollection - Parsing relationship: /xl/worksheets/_rels/sheet1.xml.rels
09:47:46.175 [main] DEBUG org.apache.poi.openxml4j.opc.PackageRelationshipCollection - Parsing relationship: /_rels/.rels
09:47:46.231 [main] DEBUG org.apache.poi.openxml4j.opc.PackageRelationshipCollection - Parsing relationship: /xl/_rels/workbook.xml.rels
09:47:46.233 [main] DEBUG org.apache.poi.openxml4j.opc.PackageRelationshipCollection - Parsing relationship: /xl/worksheets/_rels/sheet1.xml.rels
09:47:46.236 [main] DEBUG org.apache.poi.openxml4j.opc.PackageRelationshipCollection - Parsing relationship: /_rels/.rels
09:47:46.285 [main] DEBUG org.apache.poi.openxml4j.opc.PackageRelationshipCollection - Parsing relationship: /xl/_rels/workbook.xml.rels
09:47:46.287 [main] DEBUG org.apache.poi.openxml4j.opc.PackageRelationshipCollection - Parsing relationship: /xl/worksheets/_rels/sheet1.xml.rels
09:47:46.288 [main] DEBUG org.apache.poi.openxml4j.opc.PackageRelationshipCollection - Parsing relationship: /_rels/.rels
09:47:46.344 [main] DEBUG org.apache.poi.openxml4j.opc.PackageRelationshipCollection - Parsing relationship: /xl/_rels/workbook.xml.rels
09:47:46.346 [main] DEBUG org.apache.poi.openxml4j.opc.PackageRelationshipCollection - Parsing relationship: /xl/worksheets/_rels/sheet1.xml.rels
09:47:46.348 [main] DEBUG org.apache.poi.openxml4j.opc.PackageRelationshipCollection - Parsing relationship: /_rels/.rels
09:47:46.395 [main] DEBUG org.apache.poi.openxml4j.opc.PackageRelationshipCollection - Parsing relationship: /xl/_rels/workbook.xml.rels
09:47:46.397 [main] DEBUG org.apache.poi.openxml4j.opc.PackageRelationshipCollection - Parsing relationship: /xl/worksheets/_rels/sheet1.xml.rels
09:47:46.398 [main] DEBUG org.apache.poi.openxml4j.opc.PackageRelationshipCollection - Parsing relationship: /_rels/.rels
09:47:46.446 [main] DEBUG org.apache.poi.openxml4j.opc.PackageRelationshipCollection - Parsing relationship: /xl/_rels/workbook.xml.rels
09:47:46.447 [main] DEBUG org.apache.poi.openxml4j.opc.PackageRelationshipCollection - Parsing relationship: /xl/worksheets/_rels/sheet1.xml.rels
09:47:46.449 [main] DEBUG org.apache.poi.openxml4j.opc.PackageRelationshipCollection - Parsing relationship: /_rels/.rels
09:47:46.488 [main] DEBUG org.apache.poi.openxml4j.opc.PackageRelationshipCollection - Parsing relationship: /xl/_rels/workbook.xml.rels
09:47:46.490 [main] DEBUG org.apache.poi.openxml4j.opc.PackageRelationshipCollection - Parsing relationship: /xl/worksheets/_rels/sheet1.xml.rels
09:47:46.491 [main] DEBUG org.apache.poi.openxml4j.opc.PackageRelationshipCollection - Parsing relationship: /_rels/.rels
09:47:46.533 [main] DEBUG org.apache.poi.openxml4j.opc.PackageRelationshipCollection - Parsing relationship: /xl/_rels/workbook.xml.rels
09:47:46.535 [main] DEBUG org.apache.poi.openxml4j.opc.PackageRelationshipCollection - Parsing relationship: /xl/worksheets/_rels/sheet1.xml.rels
09:47:46.536 [main] DEBUG org.apache.poi.openxml4j.opc.PackageRelationshipCollection - Parsing relationship: /_rels/.rels
09:47:46.577 [main] DEBUG org.apache.poi.openxml4j.opc.PackageRelationshipCollection - Parsing relationship: /xl/_rels/workbook.xml.rels
09:47:46.578 [main] DEBUG org.apache.poi.openxml4j.opc.PackageRelationshipCollection - Parsing relationship: /xl/worksheets/_rels/sheet1.xml.rels
09:47:46.579 [main] DEBUG org.apache.poi.openxml4j.opc.PackageRelationshipCollection - Parsing relationship: /_rels/.rels
09:47:46.634 [main] INFO  TestBase.BaseClass - ******** started Execution of HomePage **********
09:47:46.919 [main] INFO  TestBase.BaseClass - ******** Suucessfully Entered into Home Page **********
09:47:49.701 [main] INFO  TestBase.BaseClass - ******** started Execution of Login Page **********
09:47:50.185 [main] INFO  TestBase.BaseClass - ******** started Execution of MyAccountPage **********
09:47:50.953 [main] DEBUG org.apache.poi.openxml4j.opc.PackageRelationshipCollection - Parsing relationship: /xl/_rels/workbook.xml.rels
09:47:50.955 [main] DEBUG org.apache.poi.openxml4j.opc.PackageRelationshipCollection - Parsing relationship: /xl/worksheets/_rels/sheet1.xml.rels
09:47:50.955 [main] DEBUG org.apache.poi.openxml4j.opc.PackageRelationshipCollection - Parsing relationship: /_rels/.rels
09:47:50.995 [main] DEBUG org.apache.poi.openxml4j.opc.PackageRelationshipCollection - Parsing relationship: /xl/_rels/workbook.xml.rels
09:47:50.996 [main] DEBUG org.apache.poi.openxml4j.opc.PackageRelationshipCollection - Parsing relationship: /xl/worksheets/_rels/sheet1.xml.rels
09:47:50.997 [main] DEBUG org.apache.poi.openxml4j.opc.PackageRelationshipCollection - Parsing relationship: /_rels/.rels
09:47:51.038 [main] DEBUG org.apache.poi.openxml4j.opc.PackageRelationshipCollection - Parsing relationship: /xl/_rels/workbook.xml.rels
09:47:51.039 [main] DEBUG org.apache.poi.openxml4j.opc.PackageRelationshipCollection - Parsing relationship: /xl/worksheets/_rels/sheet1.xml.rels
09:47:51.040 [main] DEBUG org.apache.poi.openxml4j.opc.PackageRelationshipCollection - Parsing relationship: /_rels/.rels
09:47:53.859 [main] DEBUG org.apache.poi.openxml4j.opc.PackageRelationshipCollection - Parsing relationship: /xl/_rels/workbook.xml.rels
09:47:53.862 [main] DEBUG org.apache.poi.openxml4j.opc.PackageRelationshipCollection - Parsing relationship: /xl/worksheets/_rels/sheet1.xml.rels
09:47:53.863 [main] DEBUG org.apache.poi.openxml4j.opc.PackageRelationshipCollection - Parsing relationship: /_rels/.rels
09:47:54.011 [main] DEBUG org.apache.poi.openxml4j.opc.ZipPackage - Save content types part
09:47:54.129 [main] DEBUG org.apache.poi.openxml4j.opc.ZipPackage - Save package relationships
09:47:54.136 [main] DEBUG org.apache.poi.openxml4j.opc.ZipPackage - Save part 'docProps/app.xml'
09:47:54.137 [main] DEBUG org.apache.poi.openxml4j.opc.ZipPackage - Save part 'docProps/core.xml'
09:47:54.141 [main] DEBUG org.apache.poi.openxml4j.opc.ZipPackage - Save part 'docProps/custom.xml'
09:47:54.143 [main] DEBUG org.apache.poi.openxml4j.opc.ZipPackage - Save part 'xl/sharedStrings.xml'
09:47:54.143 [main] DEBUG org.apache.poi.openxml4j.opc.ZipPackage - Save part 'xl/styles.xml'
09:47:54.144 [main] DEBUG org.apache.poi.openxml4j.opc.ZipPackage - Save part 'xl/theme/theme1.xml'
09:47:54.145 [main] DEBUG org.apache.poi.openxml4j.opc.ZipPackage - Save part 'xl/workbook.xml'
09:47:54.148 [main] DEBUG org.apache.poi.openxml4j.opc.ZipPackage - Save part 'xl/worksheets/sheet1.xml'
09:47:54.151 [main] DEBUG org.apache.poi.openxml4j.opc.ZipPackage - Save part 'xl/worksheets/sheet2.xml'
09:47:54.151 [main] DEBUG org.apache.poi.openxml4j.opc.ZipPackage - Save part 'xl/worksheets/sheet3.xml'
09:47:54.162 [main] DEBUG org.apache.poi.openxml4j.opc.PackageRelationshipCollection - Parsing relationship: /xl/_rels/workbook.xml.rels
09:47:54.163 [main] DEBUG org.apache.poi.openxml4j.opc.PackageRelationshipCollection - Parsing relationship: /xl/worksheets/_rels/sheet1.xml.rels
09:47:54.164 [main] DEBUG org.apache.poi.openxml4j.opc.PackageRelationshipCollection - Parsing relationship: /_rels/.rels
09:47:54.245 [main] DEBUG org.apache.poi.openxml4j.opc.ZipPackage - Save content types part
09:47:54.247 [main] DEBUG org.apache.poi.openxml4j.opc.ZipPackage - Save package relationships
09:47:54.250 [main] DEBUG org.apache.poi.openxml4j.opc.ZipPackage - Save part 'docProps/app.xml'
09:47:54.250 [main] DEBUG org.apache.poi.openxml4j.opc.ZipPackage - Save part 'docProps/core.xml'
09:47:54.252 [main] DEBUG org.apache.poi.openxml4j.opc.ZipPackage - Save part 'docProps/custom.xml'
09:47:54.253 [main] DEBUG org.apache.poi.openxml4j.opc.ZipPackage - Save part 'xl/sharedStrings.xml'
09:47:54.253 [main] DEBUG org.apache.poi.openxml4j.opc.ZipPackage - Save part 'xl/styles.xml'
09:47:54.255 [main] DEBUG org.apache.poi.openxml4j.opc.ZipPackage - Save part 'xl/theme/theme1.xml'
09:47:54.255 [main] DEBUG org.apache.poi.openxml4j.opc.ZipPackage - Save part 'xl/workbook.xml'
09:47:54.258 [main] DEBUG org.apache.poi.openxml4j.opc.ZipPackage - Save part 'xl/worksheets/sheet1.xml'
09:47:54.260 [main] DEBUG org.apache.poi.openxml4j.opc.ZipPackage - Save part 'xl/worksheets/sheet2.xml'
09:47:54.261 [main] DEBUG org.apache.poi.openxml4j.opc.ZipPackage - Save part 'xl/worksheets/sheet3.xml'
09:47:54.291 [main] INFO  TestBase.BaseClass - ******** started Execution of HomePage **********
09:47:54.406 [main] INFO  TestBase.BaseClass - ******** Suucessfully Entered into Home Page **********
09:47:57.072 [main] INFO  TestBase.BaseClass - ******** started Execution of Login Page **********
09:47:57.594 [main] INFO  TestBase.BaseClass - ******** started Execution of MyAccountPage **********
09:48:07.637 [main] DEBUG org.apache.poi.openxml4j.opc.PackageRelationshipCollection - Parsing relationship: /xl/_rels/workbook.xml.rels
09:48:07.639 [main] DEBUG org.apache.poi.openxml4j.opc.PackageRelationshipCollection - Parsing relationship: /xl/worksheets/_rels/sheet1.xml.rels
09:48:07.639 [main] DEBUG org.apache.poi.openxml4j.opc.PackageRelationshipCollection - Parsing relationship: /_rels/.rels
09:48:07.685 [main] DEBUG org.apache.poi.openxml4j.opc.PackageRelationshipCollection - Parsing relationship: /xl/_rels/workbook.xml.rels
09:48:07.686 [main] DEBUG org.apache.poi.openxml4j.opc.PackageRelationshipCollection - Parsing relationship: /xl/worksheets/_rels/sheet1.xml.rels
09:48:07.687 [main] DEBUG org.apache.poi.openxml4j.opc.PackageRelationshipCollection - Parsing relationship: /_rels/.rels
09:48:07.716 [main] DEBUG org.apache.poi.openxml4j.opc.PackageRelationshipCollection - Parsing relationship: /xl/_rels/workbook.xml.rels
09:48:07.717 [main] DEBUG org.apache.poi.openxml4j.opc.PackageRelationshipCollection - Parsing relationship: /xl/worksheets/_rels/sheet1.xml.rels
09:48:07.718 [main] DEBUG org.apache.poi.openxml4j.opc.PackageRelationshipCollection - Parsing relationship: /_rels/.rels
09:48:07.753 [main] DEBUG org.apache.poi.openxml4j.opc.PackageRelationshipCollection - Parsing relationship: /xl/_rels/workbook.xml.rels
09:48:07.754 [main] DEBUG org.apache.poi.openxml4j.opc.PackageRelationshipCollection - Parsing relationship: /xl/worksheets/_rels/sheet1.xml.rels
09:48:07.754 [main] DEBUG org.apache.poi.openxml4j.opc.PackageRelationshipCollection - Parsing relationship: /_rels/.rels
09:48:07.782 [main] DEBUG org.apache.poi.openxml4j.opc.PackageRelationshipCollection - Parsing relationship: /xl/_rels/workbook.xml.rels
09:48:07.783 [main] DEBUG org.apache.poi.openxml4j.opc.PackageRelationshipCollection - Parsing relationship: /xl/worksheets/_rels/sheet1.xml.rels
09:48:07.784 [main] DEBUG org.apache.poi.openxml4j.opc.PackageRelationshipCollection - Parsing relationship: /_rels/.rels
09:48:07.814 [main] DEBUG org.apache.poi.openxml4j.opc.PackageRelationshipCollection - Parsing relationship: /xl/_rels/workbook.xml.rels
09:48:07.815 [main] DEBUG org.apache.poi.openxml4j.opc.PackageRelationshipCollection - Parsing relationship: /xl/worksheets/_rels/sheet1.xml.rels
09:48:07.815 [main] DEBUG org.apache.poi.openxml4j.opc.PackageRelationshipCollection - Parsing relationship: /_rels/.rels
09:48:07.872 [main] DEBUG org.apache.poi.openxml4j.opc.ZipPackage - Save content types part
09:48:07.875 [main] DEBUG org.apache.poi.openxml4j.opc.ZipPackage - Save package relationships
09:48:07.877 [main] DEBUG org.apache.poi.openxml4j.opc.ZipPackage - Save part 'docProps/app.xml'
09:48:07.877 [main] DEBUG org.apache.poi.openxml4j.opc.ZipPackage - Save part 'docProps/core.xml'
09:48:07.879 [main] DEBUG org.apache.poi.openxml4j.opc.ZipPackage - Save part 'docProps/custom.xml'
09:48:07.880 [main] DEBUG org.apache.poi.openxml4j.opc.ZipPackage - Save part 'xl/sharedStrings.xml'
09:48:07.880 [main] DEBUG org.apache.poi.openxml4j.opc.ZipPackage - Save part 'xl/styles.xml'
09:48:07.881 [main] DEBUG org.apache.poi.openxml4j.opc.ZipPackage - Save part 'xl/theme/theme1.xml'
09:48:07.882 [main] DEBUG org.apache.poi.openxml4j.opc.ZipPackage - Save part 'xl/workbook.xml'
09:48:07.885 [main] DEBUG org.apache.poi.openxml4j.opc.ZipPackage - Save part 'xl/worksheets/sheet1.xml'
09:48:07.887 [main] DEBUG org.apache.poi.openxml4j.opc.ZipPackage - Save part 'xl/worksheets/sheet2.xml'
09:48:07.888 [main] DEBUG org.apache.poi.openxml4j.opc.ZipPackage - Save part 'xl/worksheets/sheet3.xml'
09:48:07.897 [main] DEBUG org.apache.poi.openxml4j.opc.PackageRelationshipCollection - Parsing relationship: /xl/_rels/workbook.xml.rels
09:48:07.897 [main] DEBUG org.apache.poi.openxml4j.opc.PackageRelationshipCollection - Parsing relationship: /xl/worksheets/_rels/sheet1.xml.rels
09:48:07.898 [main] DEBUG org.apache.poi.openxml4j.opc.PackageRelationshipCollection - Parsing relationship: /_rels/.rels
09:48:07.942 [main] DEBUG org.apache.poi.openxml4j.opc.ZipPackage - Save content types part
09:48:07.945 [main] DEBUG org.apache.poi.openxml4j.opc.ZipPackage - Save package relationships
09:48:07.948 [main] DEBUG org.apache.poi.openxml4j.opc.ZipPackage - Save part 'docProps/app.xml'
09:48:07.948 [main] DEBUG org.apache.poi.openxml4j.opc.ZipPackage - Save part 'docProps/core.xml'
09:48:07.950 [main] DEBUG org.apache.poi.openxml4j.opc.ZipPackage - Save part 'docProps/custom.xml'
09:48:07.951 [main] DEBUG org.apache.poi.openxml4j.opc.ZipPackage - Save part 'xl/sharedStrings.xml'
09:48:07.951 [main] DEBUG org.apache.poi.openxml4j.opc.ZipPackage - Save part 'xl/styles.xml'
09:48:07.953 [main] DEBUG org.apache.poi.openxml4j.opc.ZipPackage - Save part 'xl/theme/theme1.xml'
09:48:07.953 [main] DEBUG org.apache.poi.openxml4j.opc.ZipPackage - Save part 'xl/workbook.xml'
09:48:07.956 [main] DEBUG org.apache.poi.openxml4j.opc.ZipPackage - Save part 'xl/worksheets/sheet1.xml'
09:48:07.957 [main] DEBUG org.apache.poi.openxml4j.opc.ZipPackage - Save part 'xl/worksheets/sheet2.xml'
09:48:07.958 [main] DEBUG org.apache.poi.openxml4j.opc.ZipPackage - Save part 'xl/worksheets/sheet3.xml'
09:48:07.963 [main] INFO  TestBase.BaseClass - ******** started Execution of HomePage **********
09:48:08.111 [main] INFO  TestBase.BaseClass - ******** Suucessfully Entered into Home Page **********
09:48:10.647 [main] INFO  TestBase.BaseClass - ******** started Execution of Login Page **********
09:48:11.067 [main] INFO  TestBase.BaseClass - ******** started Execution of MyAccountPage **********
09:48:21.114 [main] DEBUG org.apache.poi.openxml4j.opc.PackageRelationshipCollection - Parsing relationship: /xl/_rels/workbook.xml.rels
09:48:21.115 [main] DEBUG org.apache.poi.openxml4j.opc.PackageRelationshipCollection - Parsing relationship: /xl/worksheets/_rels/sheet1.xml.rels
09:48:21.116 [main] DEBUG org.apache.poi.openxml4j.opc.PackageRelationshipCollection - Parsing relationship: /_rels/.rels
09:48:21.183 [main] DEBUG org.apache.poi.openxml4j.opc.PackageRelationshipCollection - Parsing relationship: /xl/_rels/workbook.xml.rels
09:48:21.184 [main] DEBUG org.apache.poi.openxml4j.opc.PackageRelationshipCollection - Parsing relationship: /xl/worksheets/_rels/sheet1.xml.rels
09:48:21.185 [main] DEBUG org.apache.poi.openxml4j.opc.PackageRelationshipCollection - Parsing relationship: /_rels/.rels
09:48:21.213 [main] DEBUG org.apache.poi.openxml4j.opc.PackageRelationshipCollection - Parsing relationship: /xl/_rels/workbook.xml.rels
09:48:21.214 [main] DEBUG org.apache.poi.openxml4j.opc.PackageRelationshipCollection - Parsing relationship: /xl/worksheets/_rels/sheet1.xml.rels
09:48:21.215 [main] DEBUG org.apache.poi.openxml4j.opc.PackageRelationshipCollection - Parsing relationship: /_rels/.rels
09:48:21.239 [main] DEBUG org.apache.poi.openxml4j.opc.PackageRelationshipCollection - Parsing relationship: /xl/_rels/workbook.xml.rels
09:48:21.239 [main] DEBUG org.apache.poi.openxml4j.opc.PackageRelationshipCollection - Parsing relationship: /xl/worksheets/_rels/sheet1.xml.rels
09:48:21.240 [main] DEBUG org.apache.poi.openxml4j.opc.PackageRelationshipCollection - Parsing relationship: /_rels/.rels
09:48:21.263 [main] DEBUG org.apache.poi.openxml4j.opc.PackageRelationshipCollection - Parsing relationship: /xl/_rels/workbook.xml.rels
09:48:21.263 [main] DEBUG org.apache.poi.openxml4j.opc.PackageRelationshipCollection - Parsing relationship: /xl/worksheets/_rels/sheet1.xml.rels
09:48:21.264 [main] DEBUG org.apache.poi.openxml4j.opc.PackageRelationshipCollection - Parsing relationship: /_rels/.rels
09:48:21.287 [main] DEBUG org.apache.poi.openxml4j.opc.PackageRelationshipCollection - Parsing relationship: /xl/_rels/workbook.xml.rels
09:48:21.288 [main] DEBUG org.apache.poi.openxml4j.opc.PackageRelationshipCollection - Parsing relationship: /xl/worksheets/_rels/sheet1.xml.rels
09:48:21.289 [main] DEBUG org.apache.poi.openxml4j.opc.PackageRelationshipCollection - Parsing relationship: /_rels/.rels
09:48:21.314 [main] DEBUG org.apache.poi.openxml4j.opc.PackageRelationshipCollection - Parsing relationship: /xl/_rels/workbook.xml.rels
09:48:21.315 [main] DEBUG org.apache.poi.openxml4j.opc.PackageRelationshipCollection - Parsing relationship: /xl/worksheets/_rels/sheet1.xml.rels
09:48:21.315 [main] DEBUG org.apache.poi.openxml4j.opc.PackageRelationshipCollection - Parsing relationship: /_rels/.rels
09:48:21.339 [main] DEBUG org.apache.poi.openxml4j.opc.PackageRelationshipCollection - Parsing relationship: /xl/_rels/workbook.xml.rels
09:48:21.340 [main] DEBUG org.apache.poi.openxml4j.opc.PackageRelationshipCollection - Parsing relationship: /xl/worksheets/_rels/sheet1.xml.rels
09:48:21.341 [main] DEBUG org.apache.poi.openxml4j.opc.PackageRelationshipCollection - Parsing relationship: /_rels/.rels
09:48:21.376 [main] DEBUG org.apache.poi.openxml4j.opc.ZipPackage - Save content types part
09:48:21.379 [main] DEBUG org.apache.poi.openxml4j.opc.ZipPackage - Save package relationships
09:48:21.381 [main] DEBUG org.apache.poi.openxml4j.opc.ZipPackage - Save part 'docProps/app.xml'
09:48:21.381 [main] DEBUG org.apache.poi.openxml4j.opc.ZipPackage - Save part 'docProps/core.xml'
09:48:21.383 [main] DEBUG org.apache.poi.openxml4j.opc.ZipPackage - Save part 'docProps/custom.xml'
09:48:21.384 [main] DEBUG org.apache.poi.openxml4j.opc.ZipPackage - Save part 'xl/sharedStrings.xml'
09:48:21.384 [main] DEBUG org.apache.poi.openxml4j.opc.ZipPackage - Save part 'xl/styles.xml'
09:48:21.385 [main] DEBUG org.apache.poi.openxml4j.opc.ZipPackage - Save part 'xl/theme/theme1.xml'
09:48:21.386 [main] DEBUG org.apache.poi.openxml4j.opc.ZipPackage - Save part 'xl/workbook.xml'
09:48:21.388 [main] DEBUG org.apache.poi.openxml4j.opc.ZipPackage - Save part 'xl/worksheets/sheet1.xml'
09:48:21.390 [main] DEBUG org.apache.poi.openxml4j.opc.ZipPackage - Save part 'xl/worksheets/sheet2.xml'
09:48:21.390 [main] DEBUG org.apache.poi.openxml4j.opc.ZipPackage - Save part 'xl/worksheets/sheet3.xml'
09:48:21.400 [main] DEBUG org.apache.poi.openxml4j.opc.PackageRelationshipCollection - Parsing relationship: /xl/_rels/workbook.xml.rels
09:48:21.400 [main] DEBUG org.apache.poi.openxml4j.opc.PackageRelationshipCollection - Parsing relationship: /xl/worksheets/_rels/sheet1.xml.rels
09:48:21.401 [main] DEBUG org.apache.poi.openxml4j.opc.PackageRelationshipCollection - Parsing relationship: /_rels/.rels
09:48:21.434 [main] DEBUG org.apache.poi.openxml4j.opc.ZipPackage - Save content types part
09:48:21.437 [main] DEBUG org.apache.poi.openxml4j.opc.ZipPackage - Save package relationships
09:48:21.439 [main] DEBUG org.apache.poi.openxml4j.opc.ZipPackage - Save part 'docProps/app.xml'
09:48:21.440 [main] DEBUG org.apache.poi.openxml4j.opc.ZipPackage - Save part 'docProps/core.xml'
09:48:21.442 [main] DEBUG org.apache.poi.openxml4j.opc.ZipPackage - Save part 'docProps/custom.xml'
09:48:21.442 [main] DEBUG org.apache.poi.openxml4j.opc.ZipPackage - Save part 'xl/sharedStrings.xml'
09:48:21.443 [main] DEBUG org.apache.poi.openxml4j.opc.ZipPackage - Save part 'xl/styles.xml'
09:48:21.444 [main] DEBUG org.apache.poi.openxml4j.opc.ZipPackage - Save part 'xl/theme/theme1.xml'
09:48:21.444 [main] DEBUG org.apache.poi.openxml4j.opc.ZipPackage - Save part 'xl/workbook.xml'
09:48:21.446 [main] DEBUG org.apache.poi.openxml4j.opc.ZipPackage - Save part 'xl/worksheets/sheet1.xml'
09:48:21.449 [main] DEBUG org.apache.poi.openxml4j.opc.ZipPackage - Save part 'xl/worksheets/sheet2.xml'
09:48:21.449 [main] DEBUG org.apache.poi.openxml4j.opc.ZipPackage - Save part 'xl/worksheets/sheet3.xml'
09:48:21.454 [main] INFO  TestBase.BaseClass - ******** started Execution of HomePage **********
09:48:21.613 [main] INFO  TestBase.BaseClass - ******** Suucessfully Entered into Home Page **********
09:48:24.288 [main] INFO  TestBase.BaseClass - ******** started Execution of Login Page **********
09:48:24.767 [main] INFO  TestBase.BaseClass - ******** started Execution of MyAccountPage **********
09:48:34.808 [main] DEBUG org.apache.poi.openxml4j.opc.PackageRelationshipCollection - Parsing relationship: /xl/_rels/workbook.xml.rels
09:48:34.809 [main] DEBUG org.apache.poi.openxml4j.opc.PackageRelationshipCollection - Parsing relationship: /xl/worksheets/_rels/sheet1.xml.rels
09:48:34.810 [main] DEBUG org.apache.poi.openxml4j.opc.PackageRelationshipCollection - Parsing relationship: /_rels/.rels
09:48:34.835 [main] DEBUG org.apache.poi.openxml4j.opc.PackageRelationshipCollection - Parsing relationship: /xl/_rels/workbook.xml.rels
09:48:34.836 [main] DEBUG org.apache.poi.openxml4j.opc.PackageRelationshipCollection - Parsing relationship: /xl/worksheets/_rels/sheet1.xml.rels
09:48:34.836 [main] DEBUG org.apache.poi.openxml4j.opc.PackageRelationshipCollection - Parsing relationship: /_rels/.rels
09:48:34.862 [main] DEBUG org.apache.poi.openxml4j.opc.PackageRelationshipCollection - Parsing relationship: /xl/_rels/workbook.xml.rels
09:48:34.862 [main] DEBUG org.apache.poi.openxml4j.opc.PackageRelationshipCollection - Parsing relationship: /xl/worksheets/_rels/sheet1.xml.rels
09:48:34.863 [main] DEBUG org.apache.poi.openxml4j.opc.PackageRelationshipCollection - Parsing relationship: /_rels/.rels
09:48:34.885 [main] DEBUG org.apache.poi.openxml4j.opc.PackageRelationshipCollection - Parsing relationship: /xl/_rels/workbook.xml.rels
09:48:34.886 [main] DEBUG org.apache.poi.openxml4j.opc.PackageRelationshipCollection - Parsing relationship: /xl/worksheets/_rels/sheet1.xml.rels
09:48:34.887 [main] DEBUG org.apache.poi.openxml4j.opc.PackageRelationshipCollection - Parsing relationship: /_rels/.rels
09:48:34.910 [main] DEBUG org.apache.poi.openxml4j.opc.PackageRelationshipCollection - Parsing relationship: /xl/_rels/workbook.xml.rels
09:48:34.911 [main] DEBUG org.apache.poi.openxml4j.opc.PackageRelationshipCollection - Parsing relationship: /xl/worksheets/_rels/sheet1.xml.rels
09:48:34.912 [main] DEBUG org.apache.poi.openxml4j.opc.PackageRelationshipCollection - Parsing relationship: /_rels/.rels
09:48:34.935 [main] DEBUG org.apache.poi.openxml4j.opc.PackageRelationshipCollection - Parsing relationship: /xl/_rels/workbook.xml.rels
09:48:34.936 [main] DEBUG org.apache.poi.openxml4j.opc.PackageRelationshipCollection - Parsing relationship: /xl/worksheets/_rels/sheet1.xml.rels
09:48:34.937 [main] DEBUG org.apache.poi.openxml4j.opc.PackageRelationshipCollection - Parsing relationship: /_rels/.rels
09:48:34.957 [main] DEBUG org.apache.poi.openxml4j.opc.PackageRelationshipCollection - Parsing relationship: /xl/_rels/workbook.xml.rels
09:48:34.958 [main] DEBUG org.apache.poi.openxml4j.opc.PackageRelationshipCollection - Parsing relationship: /xl/worksheets/_rels/sheet1.xml.rels
09:48:34.959 [main] DEBUG org.apache.poi.openxml4j.opc.PackageRelationshipCollection - Parsing relationship: /_rels/.rels
09:48:34.983 [main] DEBUG org.apache.poi.openxml4j.opc.PackageRelationshipCollection - Parsing relationship: /xl/_rels/workbook.xml.rels
09:48:34.984 [main] DEBUG org.apache.poi.openxml4j.opc.PackageRelationshipCollection - Parsing relationship: /xl/worksheets/_rels/sheet1.xml.rels
09:48:34.985 [main] DEBUG org.apache.poi.openxml4j.opc.PackageRelationshipCollection - Parsing relationship: /_rels/.rels
09:48:35.006 [main] DEBUG org.apache.poi.openxml4j.opc.PackageRelationshipCollection - Parsing relationship: /xl/_rels/workbook.xml.rels
09:48:35.007 [main] DEBUG org.apache.poi.openxml4j.opc.PackageRelationshipCollection - Parsing relationship: /xl/worksheets/_rels/sheet1.xml.rels
09:48:35.007 [main] DEBUG org.apache.poi.openxml4j.opc.PackageRelationshipCollection - Parsing relationship: /_rels/.rels
09:48:35.029 [main] DEBUG org.apache.poi.openxml4j.opc.PackageRelationshipCollection - Parsing relationship: /xl/_rels/workbook.xml.rels
09:48:35.030 [main] DEBUG org.apache.poi.openxml4j.opc.PackageRelationshipCollection - Parsing relationship: /xl/worksheets/_rels/sheet1.xml.rels
09:48:35.031 [main] DEBUG org.apache.poi.openxml4j.opc.PackageRelationshipCollection - Parsing relationship: /_rels/.rels
09:48:35.059 [main] DEBUG org.apache.poi.openxml4j.opc.ZipPackage - Save content types part
09:48:35.063 [main] DEBUG org.apache.poi.openxml4j.opc.ZipPackage - Save package relationships
09:48:35.064 [main] DEBUG org.apache.poi.openxml4j.opc.ZipPackage - Save part 'docProps/app.xml'
09:48:35.064 [main] DEBUG org.apache.poi.openxml4j.opc.ZipPackage - Save part 'docProps/core.xml'
09:48:35.066 [main] DEBUG org.apache.poi.openxml4j.opc.ZipPackage - Save part 'docProps/custom.xml'
09:48:35.067 [main] DEBUG org.apache.poi.openxml4j.opc.ZipPackage - Save part 'xl/sharedStrings.xml'
09:48:35.067 [main] DEBUG org.apache.poi.openxml4j.opc.ZipPackage - Save part 'xl/styles.xml'
09:48:35.068 [main] DEBUG org.apache.poi.openxml4j.opc.ZipPackage - Save part 'xl/theme/theme1.xml'
09:48:35.069 [main] DEBUG org.apache.poi.openxml4j.opc.ZipPackage - Save part 'xl/workbook.xml'
09:48:35.071 [main] DEBUG org.apache.poi.openxml4j.opc.ZipPackage - Save part 'xl/worksheets/sheet1.xml'
09:48:35.074 [main] DEBUG org.apache.poi.openxml4j.opc.ZipPackage - Save part 'xl/worksheets/sheet2.xml'
09:48:35.074 [main] DEBUG org.apache.poi.openxml4j.opc.ZipPackage - Save part 'xl/worksheets/sheet3.xml'
09:48:35.080 [main] DEBUG org.apache.poi.openxml4j.opc.PackageRelationshipCollection - Parsing relationship: /xl/_rels/workbook.xml.rels
09:48:35.081 [main] DEBUG org.apache.poi.openxml4j.opc.PackageRelationshipCollection - Parsing relationship: /xl/worksheets/_rels/sheet1.xml.rels
09:48:35.082 [main] DEBUG org.apache.poi.openxml4j.opc.PackageRelationshipCollection - Parsing relationship: /_rels/.rels
09:48:35.116 [main] DEBUG org.apache.poi.openxml4j.opc.ZipPackage - Save content types part
09:48:35.119 [main] DEBUG org.apache.poi.openxml4j.opc.ZipPackage - Save package relationships
09:48:35.121 [main] DEBUG org.apache.poi.openxml4j.opc.ZipPackage - Save part 'docProps/app.xml'
09:48:35.121 [main] DEBUG org.apache.poi.openxml4j.opc.ZipPackage - Save part 'docProps/core.xml'
09:48:35.122 [main] DEBUG org.apache.poi.openxml4j.opc.ZipPackage - Save part 'docProps/custom.xml'
09:48:35.123 [main] DEBUG org.apache.poi.openxml4j.opc.ZipPackage - Save part 'xl/sharedStrings.xml'
09:48:35.123 [main] DEBUG org.apache.poi.openxml4j.opc.ZipPackage - Save part 'xl/styles.xml'
09:48:35.124 [main] DEBUG org.apache.poi.openxml4j.opc.ZipPackage - Save part 'xl/theme/theme1.xml'
09:48:35.125 [main] DEBUG org.apache.poi.openxml4j.opc.ZipPackage - Save part 'xl/workbook.xml'
09:48:35.127 [main] DEBUG org.apache.poi.openxml4j.opc.ZipPackage - Save part 'xl/worksheets/sheet1.xml'
09:48:35.129 [main] DEBUG org.apache.poi.openxml4j.opc.ZipPackage - Save part 'xl/worksheets/sheet2.xml'
09:48:35.130 [main] DEBUG org.apache.poi.openxml4j.opc.ZipPackage - Save part 'xl/worksheets/sheet3.xml'
09:52:19.253 [main] DEBUG org.apache.poi.openxml4j.opc.PackageRelationshipCollection - Parsing relationship: /xl/_rels/workbook.xml.rels
09:52:19.263 [main] DEBUG org.apache.poi.openxml4j.opc.PackageRelationshipCollection - Parsing relationship: /xl/worksheets/_rels/sheet1.xml.rels
09:52:19.266 [main] DEBUG org.apache.poi.openxml4j.opc.PackageRelationshipCollection - Parsing relationship: /_rels/.rels
09:52:20.178 [main] DEBUG org.apache.poi.openxml4j.opc.PackageRelationshipCollection - Parsing relationship: /xl/_rels/workbook.xml.rels
09:52:20.180 [main] DEBUG org.apache.poi.openxml4j.opc.PackageRelationshipCollection - Parsing relationship: /xl/worksheets/_rels/sheet1.xml.rels
09:52:20.182 [main] DEBUG org.apache.poi.openxml4j.opc.PackageRelationshipCollection - Parsing relationship: /_rels/.rels
09:52:20.241 [main] DEBUG org.apache.poi.openxml4j.opc.PackageRelationshipCollection - Parsing relationship: /xl/_rels/workbook.xml.rels
09:52:20.244 [main] DEBUG org.apache.poi.openxml4j.opc.PackageRelationshipCollection - Parsing relationship: /xl/worksheets/_rels/sheet1.xml.rels
09:52:20.245 [main] DEBUG org.apache.poi.openxml4j.opc.PackageRelationshipCollection - Parsing relationship: /_rels/.rels
09:52:20.311 [main] DEBUG org.apache.poi.openxml4j.opc.PackageRelationshipCollection - Parsing relationship: /xl/_rels/workbook.xml.rels
09:52:20.314 [main] DEBUG org.apache.poi.openxml4j.opc.PackageRelationshipCollection - Parsing relationship: /xl/worksheets/_rels/sheet1.xml.rels
09:52:20.316 [main] DEBUG org.apache.poi.openxml4j.opc.PackageRelationshipCollection - Parsing relationship: /_rels/.rels
09:52:20.370 [main] DEBUG org.apache.poi.openxml4j.opc.PackageRelationshipCollection - Parsing relationship: /xl/_rels/workbook.xml.rels
09:52:20.372 [main] DEBUG org.apache.poi.openxml4j.opc.PackageRelationshipCollection - Parsing relationship: /xl/worksheets/_rels/sheet1.xml.rels
09:52:20.374 [main] DEBUG org.apache.poi.openxml4j.opc.PackageRelationshipCollection - Parsing relationship: /_rels/.rels
09:52:20.428 [main] DEBUG org.apache.poi.openxml4j.opc.PackageRelationshipCollection - Parsing relationship: /xl/_rels/workbook.xml.rels
09:52:20.431 [main] DEBUG org.apache.poi.openxml4j.opc.PackageRelationshipCollection - Parsing relationship: /xl/worksheets/_rels/sheet1.xml.rels
09:52:20.437 [main] DEBUG org.apache.poi.openxml4j.opc.PackageRelationshipCollection - Parsing relationship: /_rels/.rels
09:52:20.492 [main] DEBUG org.apache.poi.openxml4j.opc.PackageRelationshipCollection - Parsing relationship: /xl/_rels/workbook.xml.rels
09:52:20.494 [main] DEBUG org.apache.poi.openxml4j.opc.PackageRelationshipCollection - Parsing relationship: /xl/worksheets/_rels/sheet1.xml.rels
09:52:20.496 [main] DEBUG org.apache.poi.openxml4j.opc.PackageRelationshipCollection - Parsing relationship: /_rels/.rels
09:52:20.554 [main] DEBUG org.apache.poi.openxml4j.opc.PackageRelationshipCollection - Parsing relationship: /xl/_rels/workbook.xml.rels
09:52:20.556 [main] DEBUG org.apache.poi.openxml4j.opc.PackageRelationshipCollection - Parsing relationship: /xl/worksheets/_rels/sheet1.xml.rels
09:52:20.558 [main] DEBUG org.apache.poi.openxml4j.opc.PackageRelationshipCollection - Parsing relationship: /_rels/.rels
09:52:20.613 [main] DEBUG org.apache.poi.openxml4j.opc.PackageRelationshipCollection - Parsing relationship: /xl/_rels/workbook.xml.rels
09:52:20.615 [main] DEBUG org.apache.poi.openxml4j.opc.PackageRelationshipCollection - Parsing relationship: /xl/worksheets/_rels/sheet1.xml.rels
09:52:20.619 [main] DEBUG org.apache.poi.openxml4j.opc.PackageRelationshipCollection - Parsing relationship: /_rels/.rels
09:52:20.674 [main] DEBUG org.apache.poi.openxml4j.opc.PackageRelationshipCollection - Parsing relationship: /xl/_rels/workbook.xml.rels
09:52:20.675 [main] DEBUG org.apache.poi.openxml4j.opc.PackageRelationshipCollection - Parsing relationship: /xl/worksheets/_rels/sheet1.xml.rels
09:52:20.677 [main] DEBUG org.apache.poi.openxml4j.opc.PackageRelationshipCollection - Parsing relationship: /_rels/.rels
09:52:20.724 [main] DEBUG org.apache.poi.openxml4j.opc.PackageRelationshipCollection - Parsing relationship: /xl/_rels/workbook.xml.rels
09:52:20.725 [main] DEBUG org.apache.poi.openxml4j.opc.PackageRelationshipCollection - Parsing relationship: /xl/worksheets/_rels/sheet1.xml.rels
09:52:20.727 [main] DEBUG org.apache.poi.openxml4j.opc.PackageRelationshipCollection - Parsing relationship: /_rels/.rels
09:52:20.767 [main] DEBUG org.apache.poi.openxml4j.opc.PackageRelationshipCollection - Parsing relationship: /xl/_rels/workbook.xml.rels
09:52:20.769 [main] DEBUG org.apache.poi.openxml4j.opc.PackageRelationshipCollection - Parsing relationship: /xl/worksheets/_rels/sheet1.xml.rels
09:52:20.770 [main] DEBUG org.apache.poi.openxml4j.opc.PackageRelationshipCollection - Parsing relationship: /_rels/.rels
09:52:20.811 [main] DEBUG org.apache.poi.openxml4j.opc.PackageRelationshipCollection - Parsing relationship: /xl/_rels/workbook.xml.rels
09:52:20.811 [main] DEBUG org.apache.poi.openxml4j.opc.PackageRelationshipCollection - Parsing relationship: /xl/worksheets/_rels/sheet1.xml.rels
09:52:20.812 [main] DEBUG org.apache.poi.openxml4j.opc.PackageRelationshipCollection - Parsing relationship: /_rels/.rels
09:52:20.854 [main] DEBUG org.apache.poi.openxml4j.opc.PackageRelationshipCollection - Parsing relationship: /xl/_rels/workbook.xml.rels
09:52:20.855 [main] DEBUG org.apache.poi.openxml4j.opc.PackageRelationshipCollection - Parsing relationship: /xl/worksheets/_rels/sheet1.xml.rels
09:52:20.856 [main] DEBUG org.apache.poi.openxml4j.opc.PackageRelationshipCollection - Parsing relationship: /_rels/.rels
09:52:20.893 [main] DEBUG org.apache.poi.openxml4j.opc.PackageRelationshipCollection - Parsing relationship: /xl/_rels/workbook.xml.rels
09:52:20.894 [main] DEBUG org.apache.poi.openxml4j.opc.PackageRelationshipCollection - Parsing relationship: /xl/worksheets/_rels/sheet1.xml.rels
09:52:20.896 [main] DEBUG org.apache.poi.openxml4j.opc.PackageRelationshipCollection - Parsing relationship: /_rels/.rels
09:52:20.936 [main] DEBUG org.apache.poi.openxml4j.opc.PackageRelationshipCollection - Parsing relationship: /xl/_rels/workbook.xml.rels
09:52:20.937 [main] DEBUG org.apache.poi.openxml4j.opc.PackageRelationshipCollection - Parsing relationship: /xl/worksheets/_rels/sheet1.xml.rels
09:52:20.938 [main] DEBUG org.apache.poi.openxml4j.opc.PackageRelationshipCollection - Parsing relationship: /_rels/.rels
09:52:20.973 [main] DEBUG org.apache.poi.openxml4j.opc.PackageRelationshipCollection - Parsing relationship: /xl/_rels/workbook.xml.rels
09:52:20.974 [main] DEBUG org.apache.poi.openxml4j.opc.PackageRelationshipCollection - Parsing relationship: /xl/worksheets/_rels/sheet1.xml.rels
09:52:20.976 [main] DEBUG org.apache.poi.openxml4j.opc.PackageRelationshipCollection - Parsing relationship: /_rels/.rels
09:52:21.009 [main] DEBUG org.apache.poi.openxml4j.opc.PackageRelationshipCollection - Parsing relationship: /xl/_rels/workbook.xml.rels
09:52:21.010 [main] DEBUG org.apache.poi.openxml4j.opc.PackageRelationshipCollection - Parsing relationship: /xl/worksheets/_rels/sheet1.xml.rels
09:52:21.012 [main] DEBUG org.apache.poi.openxml4j.opc.PackageRelationshipCollection - Parsing relationship: /_rels/.rels
09:54:26.353 [main] DEBUG org.apache.poi.openxml4j.opc.PackageRelationshipCollection - Parsing relationship: /xl/_rels/workbook.xml.rels
09:54:26.362 [main] DEBUG org.apache.poi.openxml4j.opc.PackageRelationshipCollection - Parsing relationship: /xl/worksheets/_rels/sheet1.xml.rels
09:54:26.366 [main] DEBUG org.apache.poi.openxml4j.opc.PackageRelationshipCollection - Parsing relationship: /_rels/.rels
09:54:27.227 [main] DEBUG org.apache.poi.openxml4j.opc.PackageRelationshipCollection - Parsing relationship: /xl/_rels/workbook.xml.rels
09:54:27.229 [main] DEBUG org.apache.poi.openxml4j.opc.PackageRelationshipCollection - Parsing relationship: /xl/worksheets/_rels/sheet1.xml.rels
09:54:27.231 [main] DEBUG org.apache.poi.openxml4j.opc.PackageRelationshipCollection - Parsing relationship: /_rels/.rels
09:54:27.296 [main] DEBUG org.apache.poi.openxml4j.opc.PackageRelationshipCollection - Parsing relationship: /xl/_rels/workbook.xml.rels
09:54:27.299 [main] DEBUG org.apache.poi.openxml4j.opc.PackageRelationshipCollection - Parsing relationship: /xl/worksheets/_rels/sheet1.xml.rels
09:54:27.301 [main] DEBUG org.apache.poi.openxml4j.opc.PackageRelationshipCollection - Parsing relationship: /_rels/.rels
09:54:27.375 [main] DEBUG org.apache.poi.openxml4j.opc.PackageRelationshipCollection - Parsing relationship: /xl/_rels/workbook.xml.rels
09:54:27.377 [main] DEBUG org.apache.poi.openxml4j.opc.PackageRelationshipCollection - Parsing relationship: /xl/worksheets/_rels/sheet1.xml.rels
09:54:27.378 [main] DEBUG org.apache.poi.openxml4j.opc.PackageRelationshipCollection - Parsing relationship: /_rels/.rels
09:54:27.431 [main] DEBUG org.apache.poi.openxml4j.opc.PackageRelationshipCollection - Parsing relationship: /xl/_rels/workbook.xml.rels
09:54:27.433 [main] DEBUG org.apache.poi.openxml4j.opc.PackageRelationshipCollection - Parsing relationship: /xl/worksheets/_rels/sheet1.xml.rels
09:54:27.434 [main] DEBUG org.apache.poi.openxml4j.opc.PackageRelationshipCollection - Parsing relationship: /_rels/.rels
09:54:27.485 [main] DEBUG org.apache.poi.openxml4j.opc.PackageRelationshipCollection - Parsing relationship: /xl/_rels/workbook.xml.rels
09:54:27.487 [main] DEBUG org.apache.poi.openxml4j.opc.PackageRelationshipCollection - Parsing relationship: /xl/worksheets/_rels/sheet1.xml.rels
09:54:27.489 [main] DEBUG org.apache.poi.openxml4j.opc.PackageRelationshipCollection - Parsing relationship: /_rels/.rels
09:54:27.549 [main] DEBUG org.apache.poi.openxml4j.opc.PackageRelationshipCollection - Parsing relationship: /xl/_rels/workbook.xml.rels
09:54:27.551 [main] DEBUG org.apache.poi.openxml4j.opc.PackageRelationshipCollection - Parsing relationship: /xl/worksheets/_rels/sheet1.xml.rels
09:54:27.553 [main] DEBUG org.apache.poi.openxml4j.opc.PackageRelationshipCollection - Parsing relationship: /_rels/.rels
09:54:27.600 [main] DEBUG org.apache.poi.openxml4j.opc.PackageRelationshipCollection - Parsing relationship: /xl/_rels/workbook.xml.rels
09:54:27.602 [main] DEBUG org.apache.poi.openxml4j.opc.PackageRelationshipCollection - Parsing relationship: /xl/worksheets/_rels/sheet1.xml.rels
09:54:27.603 [main] DEBUG org.apache.poi.openxml4j.opc.PackageRelationshipCollection - Parsing relationship: /_rels/.rels
09:54:27.649 [main] DEBUG org.apache.poi.openxml4j.opc.PackageRelationshipCollection - Parsing relationship: /xl/_rels/workbook.xml.rels
09:54:27.650 [main] DEBUG org.apache.poi.openxml4j.opc.PackageRelationshipCollection - Parsing relationship: /xl/worksheets/_rels/sheet1.xml.rels
09:54:27.653 [main] DEBUG org.apache.poi.openxml4j.opc.PackageRelationshipCollection - Parsing relationship: /_rels/.rels
09:54:27.700 [main] DEBUG org.apache.poi.openxml4j.opc.PackageRelationshipCollection - Parsing relationship: /xl/_rels/workbook.xml.rels
09:54:27.702 [main] DEBUG org.apache.poi.openxml4j.opc.PackageRelationshipCollection - Parsing relationship: /xl/worksheets/_rels/sheet1.xml.rels
09:54:27.703 [main] DEBUG org.apache.poi.openxml4j.opc.PackageRelationshipCollection - Parsing relationship: /_rels/.rels
09:54:27.747 [main] DEBUG org.apache.poi.openxml4j.opc.PackageRelationshipCollection - Parsing relationship: /xl/_rels/workbook.xml.rels
09:54:27.749 [main] DEBUG org.apache.poi.openxml4j.opc.PackageRelationshipCollection - Parsing relationship: /xl/worksheets/_rels/sheet1.xml.rels
09:54:27.750 [main] DEBUG org.apache.poi.openxml4j.opc.PackageRelationshipCollection - Parsing relationship: /_rels/.rels
09:54:27.797 [main] DEBUG org.apache.poi.openxml4j.opc.PackageRelationshipCollection - Parsing relationship: /xl/_rels/workbook.xml.rels
09:54:27.799 [main] DEBUG org.apache.poi.openxml4j.opc.PackageRelationshipCollection - Parsing relationship: /xl/worksheets/_rels/sheet1.xml.rels
09:54:27.801 [main] DEBUG org.apache.poi.openxml4j.opc.PackageRelationshipCollection - Parsing relationship: /_rels/.rels
09:54:27.848 [main] DEBUG org.apache.poi.openxml4j.opc.PackageRelationshipCollection - Parsing relationship: /xl/_rels/workbook.xml.rels
09:54:27.850 [main] DEBUG org.apache.poi.openxml4j.opc.PackageRelationshipCollection - Parsing relationship: /xl/worksheets/_rels/sheet1.xml.rels
09:54:27.851 [main] DEBUG org.apache.poi.openxml4j.opc.PackageRelationshipCollection - Parsing relationship: /_rels/.rels
09:54:27.893 [main] DEBUG org.apache.poi.openxml4j.opc.PackageRelationshipCollection - Parsing relationship: /xl/_rels/workbook.xml.rels
09:54:27.895 [main] DEBUG org.apache.poi.openxml4j.opc.PackageRelationshipCollection - Parsing relationship: /xl/worksheets/_rels/sheet1.xml.rels
09:54:27.896 [main] DEBUG org.apache.poi.openxml4j.opc.PackageRelationshipCollection - Parsing relationship: /_rels/.rels
09:54:27.958 [main] INFO  TestBase.BaseClass - ******** started Execution of HomePage **********
09:54:28.166 [main] INFO  TestBase.BaseClass - ******** Suucessfully Entered into Home Page **********
09:54:30.916 [main] INFO  TestBase.BaseClass - ******** started Execution of Login Page **********
09:54:31.449 [main] INFO  TestBase.BaseClass - ******** started Execution of MyAccountPage **********
09:54:32.218 [main] DEBUG org.apache.poi.openxml4j.opc.PackageRelationshipCollection - Parsing relationship: /xl/_rels/workbook.xml.rels
09:54:32.220 [main] DEBUG org.apache.poi.openxml4j.opc.PackageRelationshipCollection - Parsing relationship: /xl/worksheets/_rels/sheet1.xml.rels
09:54:32.221 [main] DEBUG org.apache.poi.openxml4j.opc.PackageRelationshipCollection - Parsing relationship: /_rels/.rels
09:54:32.266 [main] DEBUG org.apache.poi.openxml4j.opc.PackageRelationshipCollection - Parsing relationship: /xl/_rels/workbook.xml.rels
09:54:32.267 [main] DEBUG org.apache.poi.openxml4j.opc.PackageRelationshipCollection - Parsing relationship: /xl/worksheets/_rels/sheet1.xml.rels
09:54:32.268 [main] DEBUG org.apache.poi.openxml4j.opc.PackageRelationshipCollection - Parsing relationship: /_rels/.rels
09:54:32.304 [main] DEBUG org.apache.poi.openxml4j.opc.PackageRelationshipCollection - Parsing relationship: /xl/_rels/workbook.xml.rels
09:54:32.306 [main] DEBUG org.apache.poi.openxml4j.opc.PackageRelationshipCollection - Parsing relationship: /xl/worksheets/_rels/sheet1.xml.rels
09:54:32.307 [main] DEBUG org.apache.poi.openxml4j.opc.PackageRelationshipCollection - Parsing relationship: /_rels/.rels
09:54:35.143 [main] DEBUG org.apache.poi.openxml4j.opc.PackageRelationshipCollection - Parsing relationship: /xl/_rels/workbook.xml.rels
09:54:35.145 [main] DEBUG org.apache.poi.openxml4j.opc.PackageRelationshipCollection - Parsing relationship: /xl/worksheets/_rels/sheet1.xml.rels
09:54:35.147 [main] DEBUG org.apache.poi.openxml4j.opc.PackageRelationshipCollection - Parsing relationship: /_rels/.rels
09:54:35.286 [main] DEBUG org.apache.poi.openxml4j.opc.ZipPackage - Save content types part
09:54:35.398 [main] DEBUG org.apache.poi.openxml4j.opc.ZipPackage - Save package relationships
09:54:35.405 [main] DEBUG org.apache.poi.openxml4j.opc.ZipPackage - Save part 'docProps/app.xml'
09:54:35.405 [main] DEBUG org.apache.poi.openxml4j.opc.ZipPackage - Save part 'docProps/core.xml'
09:54:35.409 [main] DEBUG org.apache.poi.openxml4j.opc.ZipPackage - Save part 'docProps/custom.xml'
09:54:35.410 [main] DEBUG org.apache.poi.openxml4j.opc.ZipPackage - Save part 'xl/sharedStrings.xml'
09:54:35.411 [main] DEBUG org.apache.poi.openxml4j.opc.ZipPackage - Save part 'xl/styles.xml'
09:54:35.412 [main] DEBUG org.apache.poi.openxml4j.opc.ZipPackage - Save part 'xl/theme/theme1.xml'
09:54:35.413 [main] DEBUG org.apache.poi.openxml4j.opc.ZipPackage - Save part 'xl/workbook.xml'
09:54:35.416 [main] DEBUG org.apache.poi.openxml4j.opc.ZipPackage - Save part 'xl/worksheets/sheet1.xml'
09:54:35.418 [main] DEBUG org.apache.poi.openxml4j.opc.ZipPackage - Save part 'xl/worksheets/sheet2.xml'
09:54:35.419 [main] DEBUG org.apache.poi.openxml4j.opc.ZipPackage - Save part 'xl/worksheets/sheet3.xml'
09:54:35.429 [main] DEBUG org.apache.poi.openxml4j.opc.PackageRelationshipCollection - Parsing relationship: /xl/_rels/workbook.xml.rels
09:54:35.430 [main] DEBUG org.apache.poi.openxml4j.opc.PackageRelationshipCollection - Parsing relationship: /xl/worksheets/_rels/sheet1.xml.rels
09:54:35.431 [main] DEBUG org.apache.poi.openxml4j.opc.PackageRelationshipCollection - Parsing relationship: /_rels/.rels
09:54:35.506 [main] DEBUG org.apache.poi.openxml4j.opc.ZipPackage - Save content types part
09:54:35.509 [main] DEBUG org.apache.poi.openxml4j.opc.ZipPackage - Save package relationships
09:54:35.511 [main] DEBUG org.apache.poi.openxml4j.opc.ZipPackage - Save part 'docProps/app.xml'
09:54:35.512 [main] DEBUG org.apache.poi.openxml4j.opc.ZipPackage - Save part 'docProps/core.xml'
09:54:35.514 [main] DEBUG org.apache.poi.openxml4j.opc.ZipPackage - Save part 'docProps/custom.xml'
09:54:35.514 [main] DEBUG org.apache.poi.openxml4j.opc.ZipPackage - Save part 'xl/sharedStrings.xml'
09:54:35.515 [main] DEBUG org.apache.poi.openxml4j.opc.ZipPackage - Save part 'xl/styles.xml'
09:54:35.516 [main] DEBUG org.apache.poi.openxml4j.opc.ZipPackage - Save part 'xl/theme/theme1.xml'
09:54:35.516 [main] DEBUG org.apache.poi.openxml4j.opc.ZipPackage - Save part 'xl/workbook.xml'
09:54:35.519 [main] DEBUG org.apache.poi.openxml4j.opc.ZipPackage - Save part 'xl/worksheets/sheet1.xml'
09:54:35.521 [main] DEBUG org.apache.poi.openxml4j.opc.ZipPackage - Save part 'xl/worksheets/sheet2.xml'
09:54:35.522 [main] DEBUG org.apache.poi.openxml4j.opc.ZipPackage - Save part 'xl/worksheets/sheet3.xml'
09:54:35.560 [main] INFO  TestBase.BaseClass - ******** started Execution of HomePage **********
09:54:35.700 [main] INFO  TestBase.BaseClass - ******** Suucessfully Entered into Home Page **********
09:54:38.269 [main] INFO  TestBase.BaseClass - ******** started Execution of Login Page **********
09:54:38.822 [main] INFO  TestBase.BaseClass - ******** started Execution of MyAccountPage **********
09:54:48.899 [main] DEBUG org.apache.poi.openxml4j.opc.PackageRelationshipCollection - Parsing relationship: /xl/_rels/workbook.xml.rels
09:54:48.900 [main] DEBUG org.apache.poi.openxml4j.opc.PackageRelationshipCollection - Parsing relationship: /xl/worksheets/_rels/sheet1.xml.rels
09:54:48.901 [main] DEBUG org.apache.poi.openxml4j.opc.PackageRelationshipCollection - Parsing relationship: /_rels/.rels
09:54:48.935 [main] DEBUG org.apache.poi.openxml4j.opc.PackageRelationshipCollection - Parsing relationship: /xl/_rels/workbook.xml.rels
09:54:48.936 [main] DEBUG org.apache.poi.openxml4j.opc.PackageRelationshipCollection - Parsing relationship: /xl/worksheets/_rels/sheet1.xml.rels
09:54:48.937 [main] DEBUG org.apache.poi.openxml4j.opc.PackageRelationshipCollection - Parsing relationship: /_rels/.rels
09:54:48.967 [main] DEBUG org.apache.poi.openxml4j.opc.PackageRelationshipCollection - Parsing relationship: /xl/_rels/workbook.xml.rels
09:54:48.968 [main] DEBUG org.apache.poi.openxml4j.opc.PackageRelationshipCollection - Parsing relationship: /xl/worksheets/_rels/sheet1.xml.rels
09:54:48.969 [main] DEBUG org.apache.poi.openxml4j.opc.PackageRelationshipCollection - Parsing relationship: /_rels/.rels
09:54:48.998 [main] DEBUG org.apache.poi.openxml4j.opc.PackageRelationshipCollection - Parsing relationship: /xl/_rels/workbook.xml.rels
09:54:48.999 [main] DEBUG org.apache.poi.openxml4j.opc.PackageRelationshipCollection - Parsing relationship: /xl/worksheets/_rels/sheet1.xml.rels
09:54:49.000 [main] DEBUG org.apache.poi.openxml4j.opc.PackageRelationshipCollection - Parsing relationship: /_rels/.rels
09:54:49.042 [main] DEBUG org.apache.poi.openxml4j.opc.PackageRelationshipCollection - Parsing relationship: /xl/_rels/workbook.xml.rels
09:54:49.042 [main] DEBUG org.apache.poi.openxml4j.opc.PackageRelationshipCollection - Parsing relationship: /xl/worksheets/_rels/sheet1.xml.rels
09:54:49.043 [main] DEBUG org.apache.poi.openxml4j.opc.PackageRelationshipCollection - Parsing relationship: /_rels/.rels
09:54:49.066 [main] DEBUG org.apache.poi.openxml4j.opc.PackageRelationshipCollection - Parsing relationship: /xl/_rels/workbook.xml.rels
09:54:49.067 [main] DEBUG org.apache.poi.openxml4j.opc.PackageRelationshipCollection - Parsing relationship: /xl/worksheets/_rels/sheet1.xml.rels
09:54:49.069 [main] DEBUG org.apache.poi.openxml4j.opc.PackageRelationshipCollection - Parsing relationship: /_rels/.rels
09:54:49.110 [main] DEBUG org.apache.poi.openxml4j.opc.ZipPackage - Save content types part
09:54:49.113 [main] DEBUG org.apache.poi.openxml4j.opc.ZipPackage - Save package relationships
09:54:49.115 [main] DEBUG org.apache.poi.openxml4j.opc.ZipPackage - Save part 'docProps/app.xml'
09:54:49.116 [main] DEBUG org.apache.poi.openxml4j.opc.ZipPackage - Save part 'docProps/core.xml'
09:54:49.119 [main] DEBUG org.apache.poi.openxml4j.opc.ZipPackage - Save part 'docProps/custom.xml'
09:54:49.119 [main] DEBUG org.apache.poi.openxml4j.opc.ZipPackage - Save part 'xl/sharedStrings.xml'
09:54:49.119 [main] DEBUG org.apache.poi.openxml4j.opc.ZipPackage - Save part 'xl/styles.xml'
09:54:49.120 [main] DEBUG org.apache.poi.openxml4j.opc.ZipPackage - Save part 'xl/theme/theme1.xml'
09:54:49.121 [main] DEBUG org.apache.poi.openxml4j.opc.ZipPackage - Save part 'xl/workbook.xml'
09:54:49.124 [main] DEBUG org.apache.poi.openxml4j.opc.ZipPackage - Save part 'xl/worksheets/sheet1.xml'
09:54:49.126 [main] DEBUG org.apache.poi.openxml4j.opc.ZipPackage - Save part 'xl/worksheets/sheet2.xml'
09:54:49.126 [main] DEBUG org.apache.poi.openxml4j.opc.ZipPackage - Save part 'xl/worksheets/sheet3.xml'
09:54:49.135 [main] DEBUG org.apache.poi.openxml4j.opc.PackageRelationshipCollection - Parsing relationship: /xl/_rels/workbook.xml.rels
09:54:49.136 [main] DEBUG org.apache.poi.openxml4j.opc.PackageRelationshipCollection - Parsing relationship: /xl/worksheets/_rels/sheet1.xml.rels
09:54:49.137 [main] DEBUG org.apache.poi.openxml4j.opc.PackageRelationshipCollection - Parsing relationship: /_rels/.rels
09:54:49.178 [main] DEBUG org.apache.poi.openxml4j.opc.ZipPackage - Save content types part
09:54:49.181 [main] DEBUG org.apache.poi.openxml4j.opc.ZipPackage - Save package relationships
09:54:49.183 [main] DEBUG org.apache.poi.openxml4j.opc.ZipPackage - Save part 'docProps/app.xml'
09:54:49.183 [main] DEBUG org.apache.poi.openxml4j.opc.ZipPackage - Save part 'docProps/core.xml'
09:54:49.186 [main] DEBUG org.apache.poi.openxml4j.opc.ZipPackage - Save part 'docProps/custom.xml'
09:54:49.187 [main] DEBUG org.apache.poi.openxml4j.opc.ZipPackage - Save part 'xl/sharedStrings.xml'
09:54:49.187 [main] DEBUG org.apache.poi.openxml4j.opc.ZipPackage - Save part 'xl/styles.xml'
09:54:49.188 [main] DEBUG org.apache.poi.openxml4j.opc.ZipPackage - Save part 'xl/theme/theme1.xml'
09:54:49.189 [main] DEBUG org.apache.poi.openxml4j.opc.ZipPackage - Save part 'xl/workbook.xml'
09:54:49.191 [main] DEBUG org.apache.poi.openxml4j.opc.ZipPackage - Save part 'xl/worksheets/sheet1.xml'
09:54:49.194 [main] DEBUG org.apache.poi.openxml4j.opc.ZipPackage - Save part 'xl/worksheets/sheet2.xml'
09:54:49.194 [main] DEBUG org.apache.poi.openxml4j.opc.ZipPackage - Save part 'xl/worksheets/sheet3.xml'
09:54:49.199 [main] INFO  TestBase.BaseClass - ******** started Execution of HomePage **********
09:54:49.344 [main] INFO  TestBase.BaseClass - ******** Suucessfully Entered into Home Page **********
09:54:51.906 [main] INFO  TestBase.BaseClass - ******** started Execution of Login Page **********
09:54:52.364 [main] INFO  TestBase.BaseClass - ******** started Execution of MyAccountPage **********
09:55:02.437 [main] DEBUG org.apache.poi.openxml4j.opc.PackageRelationshipCollection - Parsing relationship: /xl/_rels/workbook.xml.rels
09:55:02.439 [main] DEBUG org.apache.poi.openxml4j.opc.PackageRelationshipCollection - Parsing relationship: /xl/worksheets/_rels/sheet1.xml.rels
09:55:02.440 [main] DEBUG org.apache.poi.openxml4j.opc.PackageRelationshipCollection - Parsing relationship: /_rels/.rels
09:55:02.465 [main] DEBUG org.apache.poi.openxml4j.opc.PackageRelationshipCollection - Parsing relationship: /xl/_rels/workbook.xml.rels
09:55:02.466 [main] DEBUG org.apache.poi.openxml4j.opc.PackageRelationshipCollection - Parsing relationship: /xl/worksheets/_rels/sheet1.xml.rels
09:55:02.467 [main] DEBUG org.apache.poi.openxml4j.opc.PackageRelationshipCollection - Parsing relationship: /_rels/.rels
09:55:02.489 [main] DEBUG org.apache.poi.openxml4j.opc.PackageRelationshipCollection - Parsing relationship: /xl/_rels/workbook.xml.rels
09:55:02.490 [main] DEBUG org.apache.poi.openxml4j.opc.PackageRelationshipCollection - Parsing relationship: /xl/worksheets/_rels/sheet1.xml.rels
09:55:02.491 [main] DEBUG org.apache.poi.openxml4j.opc.PackageRelationshipCollection - Parsing relationship: /_rels/.rels
09:55:02.516 [main] DEBUG org.apache.poi.openxml4j.opc.PackageRelationshipCollection - Parsing relationship: /xl/_rels/workbook.xml.rels
09:55:02.516 [main] DEBUG org.apache.poi.openxml4j.opc.PackageRelationshipCollection - Parsing relationship: /xl/worksheets/_rels/sheet1.xml.rels
09:55:02.518 [main] DEBUG org.apache.poi.openxml4j.opc.PackageRelationshipCollection - Parsing relationship: /_rels/.rels
09:55:02.538 [main] DEBUG org.apache.poi.openxml4j.opc.PackageRelationshipCollection - Parsing relationship: /xl/_rels/workbook.xml.rels
09:55:02.538 [main] DEBUG org.apache.poi.openxml4j.opc.PackageRelationshipCollection - Parsing relationship: /xl/worksheets/_rels/sheet1.xml.rels
09:55:02.539 [main] DEBUG org.apache.poi.openxml4j.opc.PackageRelationshipCollection - Parsing relationship: /_rels/.rels
09:55:02.560 [main] DEBUG org.apache.poi.openxml4j.opc.PackageRelationshipCollection - Parsing relationship: /xl/_rels/workbook.xml.rels
09:55:02.561 [main] DEBUG org.apache.poi.openxml4j.opc.PackageRelationshipCollection - Parsing relationship: /xl/worksheets/_rels/sheet1.xml.rels
09:55:02.563 [main] DEBUG org.apache.poi.openxml4j.opc.PackageRelationshipCollection - Parsing relationship: /_rels/.rels
09:55:02.583 [main] DEBUG org.apache.poi.openxml4j.opc.PackageRelationshipCollection - Parsing relationship: /xl/_rels/workbook.xml.rels
09:55:02.584 [main] DEBUG org.apache.poi.openxml4j.opc.PackageRelationshipCollection - Parsing relationship: /xl/worksheets/_rels/sheet1.xml.rels
09:55:02.585 [main] DEBUG org.apache.poi.openxml4j.opc.PackageRelationshipCollection - Parsing relationship: /_rels/.rels
09:55:02.606 [main] DEBUG org.apache.poi.openxml4j.opc.PackageRelationshipCollection - Parsing relationship: /xl/_rels/workbook.xml.rels
09:55:02.607 [main] DEBUG org.apache.poi.openxml4j.opc.PackageRelationshipCollection - Parsing relationship: /xl/worksheets/_rels/sheet1.xml.rels
09:55:02.608 [main] DEBUG org.apache.poi.openxml4j.opc.PackageRelationshipCollection - Parsing relationship: /_rels/.rels
09:55:02.645 [main] DEBUG org.apache.poi.openxml4j.opc.ZipPackage - Save content types part
09:55:02.648 [main] DEBUG org.apache.poi.openxml4j.opc.ZipPackage - Save package relationships
09:55:02.650 [main] DEBUG org.apache.poi.openxml4j.opc.ZipPackage - Save part 'docProps/app.xml'
09:55:02.651 [main] DEBUG org.apache.poi.openxml4j.opc.ZipPackage - Save part 'docProps/core.xml'
09:55:02.654 [main] DEBUG org.apache.poi.openxml4j.opc.ZipPackage - Save part 'docProps/custom.xml'
09:55:02.655 [main] DEBUG org.apache.poi.openxml4j.opc.ZipPackage - Save part 'xl/sharedStrings.xml'
09:55:02.655 [main] DEBUG org.apache.poi.openxml4j.opc.ZipPackage - Save part 'xl/styles.xml'
09:55:02.656 [main] DEBUG org.apache.poi.openxml4j.opc.ZipPackage - Save part 'xl/theme/theme1.xml'
09:55:02.656 [main] DEBUG org.apache.poi.openxml4j.opc.ZipPackage - Save part 'xl/workbook.xml'
09:55:02.658 [main] DEBUG org.apache.poi.openxml4j.opc.ZipPackage - Save part 'xl/worksheets/sheet1.xml'
09:55:02.661 [main] DEBUG org.apache.poi.openxml4j.opc.ZipPackage - Save part 'xl/worksheets/sheet2.xml'
09:55:02.661 [main] DEBUG org.apache.poi.openxml4j.opc.ZipPackage - Save part 'xl/worksheets/sheet3.xml'
09:55:02.670 [main] DEBUG org.apache.poi.openxml4j.opc.PackageRelationshipCollection - Parsing relationship: /xl/_rels/workbook.xml.rels
09:55:02.671 [main] DEBUG org.apache.poi.openxml4j.opc.PackageRelationshipCollection - Parsing relationship: /xl/worksheets/_rels/sheet1.xml.rels
09:55:02.672 [main] DEBUG org.apache.poi.openxml4j.opc.PackageRelationshipCollection - Parsing relationship: /_rels/.rels
09:55:02.705 [main] DEBUG org.apache.poi.openxml4j.opc.ZipPackage - Save content types part
09:55:02.707 [main] DEBUG org.apache.poi.openxml4j.opc.ZipPackage - Save package relationships
09:55:02.708 [main] DEBUG org.apache.poi.openxml4j.opc.ZipPackage - Save part 'docProps/app.xml'
09:55:02.709 [main] DEBUG org.apache.poi.openxml4j.opc.ZipPackage - Save part 'docProps/core.xml'
09:55:02.711 [main] DEBUG org.apache.poi.openxml4j.opc.ZipPackage - Save part 'docProps/custom.xml'
09:55:02.711 [main] DEBUG org.apache.poi.openxml4j.opc.ZipPackage - Save part 'xl/sharedStrings.xml'
09:55:02.711 [main] DEBUG org.apache.poi.openxml4j.opc.ZipPackage - Save part 'xl/styles.xml'
09:55:02.712 [main] DEBUG org.apache.poi.openxml4j.opc.ZipPackage - Save part 'xl/theme/theme1.xml'
09:55:02.713 [main] DEBUG org.apache.poi.openxml4j.opc.ZipPackage - Save part 'xl/workbook.xml'
09:55:02.715 [main] DEBUG org.apache.poi.openxml4j.opc.ZipPackage - Save part 'xl/worksheets/sheet1.xml'
09:55:02.726 [main] DEBUG org.apache.poi.openxml4j.opc.ZipPackage - Save part 'xl/worksheets/sheet2.xml'
09:55:02.727 [main] DEBUG org.apache.poi.openxml4j.opc.ZipPackage - Save part 'xl/worksheets/sheet3.xml'
09:55:02.733 [main] INFO  TestBase.BaseClass - ******** started Execution of HomePage **********
09:55:02.876 [main] INFO  TestBase.BaseClass - ******** Suucessfully Entered into Home Page **********
09:55:05.415 [main] INFO  TestBase.BaseClass - ******** started Execution of Login Page **********
09:55:05.907 [main] INFO  TestBase.BaseClass - ******** started Execution of MyAccountPage **********
09:55:15.946 [main] DEBUG org.apache.poi.openxml4j.opc.PackageRelationshipCollection - Parsing relationship: /xl/_rels/workbook.xml.rels
09:55:15.947 [main] DEBUG org.apache.poi.openxml4j.opc.PackageRelationshipCollection - Parsing relationship: /xl/worksheets/_rels/sheet1.xml.rels
09:55:15.947 [main] DEBUG org.apache.poi.openxml4j.opc.PackageRelationshipCollection - Parsing relationship: /_rels/.rels
09:55:15.969 [main] DEBUG org.apache.poi.openxml4j.opc.PackageRelationshipCollection - Parsing relationship: /xl/_rels/workbook.xml.rels
09:55:15.969 [main] DEBUG org.apache.poi.openxml4j.opc.PackageRelationshipCollection - Parsing relationship: /xl/worksheets/_rels/sheet1.xml.rels
09:55:15.971 [main] DEBUG org.apache.poi.openxml4j.opc.PackageRelationshipCollection - Parsing relationship: /_rels/.rels
09:55:15.992 [main] DEBUG org.apache.poi.openxml4j.opc.PackageRelationshipCollection - Parsing relationship: /xl/_rels/workbook.xml.rels
09:55:15.993 [main] DEBUG org.apache.poi.openxml4j.opc.PackageRelationshipCollection - Parsing relationship: /xl/worksheets/_rels/sheet1.xml.rels
09:55:15.994 [main] DEBUG org.apache.poi.openxml4j.opc.PackageRelationshipCollection - Parsing relationship: /_rels/.rels
09:55:16.014 [main] DEBUG org.apache.poi.openxml4j.opc.PackageRelationshipCollection - Parsing relationship: /xl/_rels/workbook.xml.rels
09:55:16.015 [main] DEBUG org.apache.poi.openxml4j.opc.PackageRelationshipCollection - Parsing relationship: /xl/worksheets/_rels/sheet1.xml.rels
09:55:16.016 [main] DEBUG org.apache.poi.openxml4j.opc.PackageRelationshipCollection - Parsing relationship: /_rels/.rels
09:55:16.039 [main] DEBUG org.apache.poi.openxml4j.opc.PackageRelationshipCollection - Parsing relationship: /xl/_rels/workbook.xml.rels
09:55:16.040 [main] DEBUG org.apache.poi.openxml4j.opc.PackageRelationshipCollection - Parsing relationship: /xl/worksheets/_rels/sheet1.xml.rels
09:55:16.041 [main] DEBUG org.apache.poi.openxml4j.opc.PackageRelationshipCollection - Parsing relationship: /_rels/.rels
09:55:16.061 [main] DEBUG org.apache.poi.openxml4j.opc.PackageRelationshipCollection - Parsing relationship: /xl/_rels/workbook.xml.rels
09:55:16.061 [main] DEBUG org.apache.poi.openxml4j.opc.PackageRelationshipCollection - Parsing relationship: /xl/worksheets/_rels/sheet1.xml.rels
09:55:16.062 [main] DEBUG org.apache.poi.openxml4j.opc.PackageRelationshipCollection - Parsing relationship: /_rels/.rels
09:55:16.082 [main] DEBUG org.apache.poi.openxml4j.opc.PackageRelationshipCollection - Parsing relationship: /xl/_rels/workbook.xml.rels
09:55:16.083 [main] DEBUG org.apache.poi.openxml4j.opc.PackageRelationshipCollection - Parsing relationship: /xl/worksheets/_rels/sheet1.xml.rels
09:55:16.084 [main] DEBUG org.apache.poi.openxml4j.opc.PackageRelationshipCollection - Parsing relationship: /_rels/.rels
09:55:16.105 [main] DEBUG org.apache.poi.openxml4j.opc.PackageRelationshipCollection - Parsing relationship: /xl/_rels/workbook.xml.rels
09:55:16.106 [main] DEBUG org.apache.poi.openxml4j.opc.PackageRelationshipCollection - Parsing relationship: /xl/worksheets/_rels/sheet1.xml.rels
09:55:16.107 [main] DEBUG org.apache.poi.openxml4j.opc.PackageRelationshipCollection - Parsing relationship: /_rels/.rels
09:55:16.133 [main] DEBUG org.apache.poi.openxml4j.opc.PackageRelationshipCollection - Parsing relationship: /xl/_rels/workbook.xml.rels
09:55:16.133 [main] DEBUG org.apache.poi.openxml4j.opc.PackageRelationshipCollection - Parsing relationship: /xl/worksheets/_rels/sheet1.xml.rels
09:55:16.134 [main] DEBUG org.apache.poi.openxml4j.opc.PackageRelationshipCollection - Parsing relationship: /_rels/.rels
09:55:16.156 [main] DEBUG org.apache.poi.openxml4j.opc.PackageRelationshipCollection - Parsing relationship: /xl/_rels/workbook.xml.rels
09:55:16.156 [main] DEBUG org.apache.poi.openxml4j.opc.PackageRelationshipCollection - Parsing relationship: /xl/worksheets/_rels/sheet1.xml.rels
09:55:16.158 [main] DEBUG org.apache.poi.openxml4j.opc.PackageRelationshipCollection - Parsing relationship: /_rels/.rels
09:55:16.191 [main] DEBUG org.apache.poi.openxml4j.opc.ZipPackage - Save content types part
09:55:16.195 [main] DEBUG org.apache.poi.openxml4j.opc.ZipPackage - Save package relationships
09:55:16.197 [main] DEBUG org.apache.poi.openxml4j.opc.ZipPackage - Save part 'docProps/app.xml'
09:55:16.197 [main] DEBUG org.apache.poi.openxml4j.opc.ZipPackage - Save part 'docProps/core.xml'
09:55:16.200 [main] DEBUG org.apache.poi.openxml4j.opc.ZipPackage - Save part 'docProps/custom.xml'
09:55:16.200 [main] DEBUG org.apache.poi.openxml4j.opc.ZipPackage - Save part 'xl/sharedStrings.xml'
09:55:16.200 [main] DEBUG org.apache.poi.openxml4j.opc.ZipPackage - Save part 'xl/styles.xml'
09:55:16.201 [main] DEBUG org.apache.poi.openxml4j.opc.ZipPackage - Save part 'xl/theme/theme1.xml'
09:55:16.202 [main] DEBUG org.apache.poi.openxml4j.opc.ZipPackage - Save part 'xl/workbook.xml'
09:55:16.204 [main] DEBUG org.apache.poi.openxml4j.opc.ZipPackage - Save part 'xl/worksheets/sheet1.xml'
09:55:16.207 [main] DEBUG org.apache.poi.openxml4j.opc.ZipPackage - Save part 'xl/worksheets/sheet2.xml'
09:55:16.207 [main] DEBUG org.apache.poi.openxml4j.opc.ZipPackage - Save part 'xl/worksheets/sheet3.xml'
09:55:16.214 [main] DEBUG org.apache.poi.openxml4j.opc.PackageRelationshipCollection - Parsing relationship: /xl/_rels/workbook.xml.rels
09:55:16.215 [main] DEBUG org.apache.poi.openxml4j.opc.PackageRelationshipCollection - Parsing relationship: /xl/worksheets/_rels/sheet1.xml.rels
09:55:16.216 [main] DEBUG org.apache.poi.openxml4j.opc.PackageRelationshipCollection - Parsing relationship: /_rels/.rels
09:55:16.252 [main] DEBUG org.apache.poi.openxml4j.opc.ZipPackage - Save content types part
09:55:16.254 [main] DEBUG org.apache.poi.openxml4j.opc.ZipPackage - Save package relationships
09:55:16.256 [main] DEBUG org.apache.poi.openxml4j.opc.ZipPackage - Save part 'docProps/app.xml'
09:55:16.256 [main] DEBUG org.apache.poi.openxml4j.opc.ZipPackage - Save part 'docProps/core.xml'
09:55:16.258 [main] DEBUG org.apache.poi.openxml4j.opc.ZipPackage - Save part 'docProps/custom.xml'
09:55:16.258 [main] DEBUG org.apache.poi.openxml4j.opc.ZipPackage - Save part 'xl/sharedStrings.xml'
09:55:16.258 [main] DEBUG org.apache.poi.openxml4j.opc.ZipPackage - Save part 'xl/styles.xml'
09:55:16.259 [main] DEBUG org.apache.poi.openxml4j.opc.ZipPackage - Save part 'xl/theme/theme1.xml'
09:55:16.260 [main] DEBUG org.apache.poi.openxml4j.opc.ZipPackage - Save part 'xl/workbook.xml'
09:55:16.261 [main] DEBUG org.apache.poi.openxml4j.opc.ZipPackage - Save part 'xl/worksheets/sheet1.xml'
09:55:16.263 [main] DEBUG org.apache.poi.openxml4j.opc.ZipPackage - Save part 'xl/worksheets/sheet2.xml'
09:55:16.263 [main] DEBUG org.apache.poi.openxml4j.opc.ZipPackage - Save part 'xl/worksheets/sheet3.xml'
10:00:48.755 [main] DEBUG org.apache.poi.openxml4j.opc.PackageRelationshipCollection - Parsing relationship: /xl/_rels/workbook.xml.rels
10:00:48.769 [main] DEBUG org.apache.poi.openxml4j.opc.PackageRelationshipCollection - Parsing relationship: /xl/worksheets/_rels/sheet1.xml.rels
10:00:48.773 [main] DEBUG org.apache.poi.openxml4j.opc.PackageRelationshipCollection - Parsing relationship: /_rels/.rels
10:00:49.607 [main] DEBUG org.apache.poi.openxml4j.opc.PackageRelationshipCollection - Parsing relationship: /xl/_rels/workbook.xml.rels
10:00:49.610 [main] DEBUG org.apache.poi.openxml4j.opc.PackageRelationshipCollection - Parsing relationship: /xl/worksheets/_rels/sheet1.xml.rels
10:00:49.612 [main] DEBUG org.apache.poi.openxml4j.opc.PackageRelationshipCollection - Parsing relationship: /_rels/.rels
10:00:49.676 [main] DEBUG org.apache.poi.openxml4j.opc.PackageRelationshipCollection - Parsing relationship: /xl/_rels/workbook.xml.rels
10:00:49.679 [main] DEBUG org.apache.poi.openxml4j.opc.PackageRelationshipCollection - Parsing relationship: /xl/worksheets/_rels/sheet1.xml.rels
10:00:49.681 [main] DEBUG org.apache.poi.openxml4j.opc.PackageRelationshipCollection - Parsing relationship: /_rels/.rels
10:00:49.751 [main] DEBUG org.apache.poi.openxml4j.opc.PackageRelationshipCollection - Parsing relationship: /xl/_rels/workbook.xml.rels
10:00:49.752 [main] DEBUG org.apache.poi.openxml4j.opc.PackageRelationshipCollection - Parsing relationship: /xl/worksheets/_rels/sheet1.xml.rels
10:00:49.754 [main] DEBUG org.apache.poi.openxml4j.opc.PackageRelationshipCollection - Parsing relationship: /_rels/.rels
10:00:49.808 [main] DEBUG org.apache.poi.openxml4j.opc.PackageRelationshipCollection - Parsing relationship: /xl/_rels/workbook.xml.rels
10:00:49.809 [main] DEBUG org.apache.poi.openxml4j.opc.PackageRelationshipCollection - Parsing relationship: /xl/worksheets/_rels/sheet1.xml.rels
10:00:49.812 [main] DEBUG org.apache.poi.openxml4j.opc.PackageRelationshipCollection - Parsing relationship: /_rels/.rels
10:00:49.858 [main] DEBUG org.apache.poi.openxml4j.opc.PackageRelationshipCollection - Parsing relationship: /xl/_rels/workbook.xml.rels
10:00:49.860 [main] DEBUG org.apache.poi.openxml4j.opc.PackageRelationshipCollection - Parsing relationship: /xl/worksheets/_rels/sheet1.xml.rels
10:00:49.862 [main] DEBUG org.apache.poi.openxml4j.opc.PackageRelationshipCollection - Parsing relationship: /_rels/.rels
10:00:49.906 [main] DEBUG org.apache.poi.openxml4j.opc.PackageRelationshipCollection - Parsing relationship: /xl/_rels/workbook.xml.rels
10:00:49.909 [main] DEBUG org.apache.poi.openxml4j.opc.PackageRelationshipCollection - Parsing relationship: /xl/worksheets/_rels/sheet1.xml.rels
10:00:49.911 [main] DEBUG org.apache.poi.openxml4j.opc.PackageRelationshipCollection - Parsing relationship: /_rels/.rels
10:00:49.964 [main] DEBUG org.apache.poi.openxml4j.opc.PackageRelationshipCollection - Parsing relationship: /xl/_rels/workbook.xml.rels
10:00:49.966 [main] DEBUG org.apache.poi.openxml4j.opc.PackageRelationshipCollection - Parsing relationship: /xl/worksheets/_rels/sheet1.xml.rels
10:00:49.967 [main] DEBUG org.apache.poi.openxml4j.opc.PackageRelationshipCollection - Parsing relationship: /_rels/.rels
10:00:50.017 [main] DEBUG org.apache.poi.openxml4j.opc.PackageRelationshipCollection - Parsing relationship: /xl/_rels/workbook.xml.rels
10:00:50.020 [main] DEBUG org.apache.poi.openxml4j.opc.PackageRelationshipCollection - Parsing relationship: /xl/worksheets/_rels/sheet1.xml.rels
10:00:50.024 [main] DEBUG org.apache.poi.openxml4j.opc.PackageRelationshipCollection - Parsing relationship: /_rels/.rels
10:00:50.081 [main] DEBUG org.apache.poi.openxml4j.opc.PackageRelationshipCollection - Parsing relationship: /xl/_rels/workbook.xml.rels
10:00:50.083 [main] DEBUG org.apache.poi.openxml4j.opc.PackageRelationshipCollection - Parsing relationship: /xl/worksheets/_rels/sheet1.xml.rels
10:00:50.086 [main] DEBUG org.apache.poi.openxml4j.opc.PackageRelationshipCollection - Parsing relationship: /_rels/.rels
10:00:50.139 [main] DEBUG org.apache.poi.openxml4j.opc.PackageRelationshipCollection - Parsing relationship: /xl/_rels/workbook.xml.rels
10:00:50.140 [main] DEBUG org.apache.poi.openxml4j.opc.PackageRelationshipCollection - Parsing relationship: /xl/worksheets/_rels/sheet1.xml.rels
10:00:50.142 [main] DEBUG org.apache.poi.openxml4j.opc.PackageRelationshipCollection - Parsing relationship: /_rels/.rels
10:00:50.185 [main] DEBUG org.apache.poi.openxml4j.opc.PackageRelationshipCollection - Parsing relationship: /xl/_rels/workbook.xml.rels
10:00:50.186 [main] DEBUG org.apache.poi.openxml4j.opc.PackageRelationshipCollection - Parsing relationship: /xl/worksheets/_rels/sheet1.xml.rels
10:00:50.188 [main] DEBUG org.apache.poi.openxml4j.opc.PackageRelationshipCollection - Parsing relationship: /_rels/.rels
10:00:50.231 [main] DEBUG org.apache.poi.openxml4j.opc.PackageRelationshipCollection - Parsing relationship: /xl/_rels/workbook.xml.rels
10:00:50.232 [main] DEBUG org.apache.poi.openxml4j.opc.PackageRelationshipCollection - Parsing relationship: /xl/worksheets/_rels/sheet1.xml.rels
10:00:50.234 [main] DEBUG org.apache.poi.openxml4j.opc.PackageRelationshipCollection - Parsing relationship: /_rels/.rels
10:00:50.271 [main] DEBUG org.apache.poi.openxml4j.opc.PackageRelationshipCollection - Parsing relationship: /xl/_rels/workbook.xml.rels
10:00:50.272 [main] DEBUG org.apache.poi.openxml4j.opc.PackageRelationshipCollection - Parsing relationship: /xl/worksheets/_rels/sheet1.xml.rels
10:00:50.274 [main] DEBUG org.apache.poi.openxml4j.opc.PackageRelationshipCollection - Parsing relationship: /_rels/.rels
10:00:50.307 [main] DEBUG org.apache.poi.openxml4j.opc.PackageRelationshipCollection - Parsing relationship: /xl/_rels/workbook.xml.rels
10:00:50.309 [main] DEBUG org.apache.poi.openxml4j.opc.PackageRelationshipCollection - Parsing relationship: /xl/worksheets/_rels/sheet1.xml.rels
10:00:50.309 [main] DEBUG org.apache.poi.openxml4j.opc.PackageRelationshipCollection - Parsing relationship: /_rels/.rels
10:00:50.348 [main] DEBUG org.apache.poi.openxml4j.opc.PackageRelationshipCollection - Parsing relationship: /xl/_rels/workbook.xml.rels
10:00:50.350 [main] DEBUG org.apache.poi.openxml4j.opc.PackageRelationshipCollection - Parsing relationship: /xl/worksheets/_rels/sheet1.xml.rels
10:00:50.351 [main] DEBUG org.apache.poi.openxml4j.opc.PackageRelationshipCollection - Parsing relationship: /_rels/.rels
10:00:50.384 [main] DEBUG org.apache.poi.openxml4j.opc.PackageRelationshipCollection - Parsing relationship: /xl/_rels/workbook.xml.rels
10:00:50.385 [main] DEBUG org.apache.poi.openxml4j.opc.PackageRelationshipCollection - Parsing relationship: /xl/worksheets/_rels/sheet1.xml.rels
10:00:50.387 [main] DEBUG org.apache.poi.openxml4j.opc.PackageRelationshipCollection - Parsing relationship: /_rels/.rels
10:00:50.421 [main] DEBUG org.apache.poi.openxml4j.opc.PackageRelationshipCollection - Parsing relationship: /xl/_rels/workbook.xml.rels
10:00:50.422 [main] DEBUG org.apache.poi.openxml4j.opc.PackageRelationshipCollection - Parsing relationship: /xl/worksheets/_rels/sheet1.xml.rels
10:00:50.423 [main] DEBUG org.apache.poi.openxml4j.opc.PackageRelationshipCollection - Parsing relationship: /_rels/.rels
10:28:55.134 [main] DEBUG org.apache.poi.openxml4j.opc.PackageRelationshipCollection - Parsing relationship: /xl/_rels/workbook.xml.rels
10:28:55.144 [main] DEBUG org.apache.poi.openxml4j.opc.PackageRelationshipCollection - Parsing relationship: /xl/worksheets/_rels/sheet1.xml.rels
10:28:55.147 [main] DEBUG org.apache.poi.openxml4j.opc.PackageRelationshipCollection - Parsing relationship: /_rels/.rels
10:28:56.259 [main] DEBUG org.apache.poi.openxml4j.opc.PackageRelationshipCollection - Parsing relationship: /xl/_rels/workbook.xml.rels
10:28:56.261 [main] DEBUG org.apache.poi.openxml4j.opc.PackageRelationshipCollection - Parsing relationship: /xl/worksheets/_rels/sheet1.xml.rels
10:28:56.263 [main] DEBUG org.apache.poi.openxml4j.opc.PackageRelationshipCollection - Parsing relationship: /_rels/.rels
10:28:56.325 [main] DEBUG org.apache.poi.openxml4j.opc.PackageRelationshipCollection - Parsing relationship: /xl/_rels/workbook.xml.rels
10:28:56.328 [main] DEBUG org.apache.poi.openxml4j.opc.PackageRelationshipCollection - Parsing relationship: /xl/worksheets/_rels/sheet1.xml.rels
10:28:56.329 [main] DEBUG org.apache.poi.openxml4j.opc.PackageRelationshipCollection - Parsing relationship: /_rels/.rels
10:28:56.404 [main] DEBUG org.apache.poi.openxml4j.opc.PackageRelationshipCollection - Parsing relationship: /xl/_rels/workbook.xml.rels
10:28:56.406 [main] DEBUG org.apache.poi.openxml4j.opc.PackageRelationshipCollection - Parsing relationship: /xl/worksheets/_rels/sheet1.xml.rels
10:28:56.408 [main] DEBUG org.apache.poi.openxml4j.opc.PackageRelationshipCollection - Parsing relationship: /_rels/.rels
10:28:56.460 [main] DEBUG org.apache.poi.openxml4j.opc.PackageRelationshipCollection - Parsing relationship: /xl/_rels/workbook.xml.rels
10:28:56.462 [main] DEBUG org.apache.poi.openxml4j.opc.PackageRelationshipCollection - Parsing relationship: /xl/worksheets/_rels/sheet1.xml.rels
10:28:56.463 [main] DEBUG org.apache.poi.openxml4j.opc.PackageRelationshipCollection - Parsing relationship: /_rels/.rels
10:28:56.514 [main] DEBUG org.apache.poi.openxml4j.opc.PackageRelationshipCollection - Parsing relationship: /xl/_rels/workbook.xml.rels
10:28:56.516 [main] DEBUG org.apache.poi.openxml4j.opc.PackageRelationshipCollection - Parsing relationship: /xl/worksheets/_rels/sheet1.xml.rels
10:28:56.518 [main] DEBUG org.apache.poi.openxml4j.opc.PackageRelationshipCollection - Parsing relationship: /_rels/.rels
10:28:56.564 [main] DEBUG org.apache.poi.openxml4j.opc.PackageRelationshipCollection - Parsing relationship: /xl/_rels/workbook.xml.rels
10:28:56.565 [main] DEBUG org.apache.poi.openxml4j.opc.PackageRelationshipCollection - Parsing relationship: /xl/worksheets/_rels/sheet1.xml.rels
10:28:56.566 [main] DEBUG org.apache.poi.openxml4j.opc.PackageRelationshipCollection - Parsing relationship: /_rels/.rels
10:28:56.616 [main] DEBUG org.apache.poi.openxml4j.opc.PackageRelationshipCollection - Parsing relationship: /xl/_rels/workbook.xml.rels
10:28:56.617 [main] DEBUG org.apache.poi.openxml4j.opc.PackageRelationshipCollection - Parsing relationship: /xl/worksheets/_rels/sheet1.xml.rels
10:28:56.619 [main] DEBUG org.apache.poi.openxml4j.opc.PackageRelationshipCollection - Parsing relationship: /_rels/.rels
10:28:56.661 [main] DEBUG org.apache.poi.openxml4j.opc.PackageRelationshipCollection - Parsing relationship: /xl/_rels/workbook.xml.rels
10:28:56.662 [main] DEBUG org.apache.poi.openxml4j.opc.PackageRelationshipCollection - Parsing relationship: /xl/worksheets/_rels/sheet1.xml.rels
10:28:56.664 [main] DEBUG org.apache.poi.openxml4j.opc.PackageRelationshipCollection - Parsing relationship: /_rels/.rels
10:28:56.709 [main] DEBUG org.apache.poi.openxml4j.opc.PackageRelationshipCollection - Parsing relationship: /xl/_rels/workbook.xml.rels
10:28:56.711 [main] DEBUG org.apache.poi.openxml4j.opc.PackageRelationshipCollection - Parsing relationship: /xl/worksheets/_rels/sheet1.xml.rels
10:28:56.712 [main] DEBUG org.apache.poi.openxml4j.opc.PackageRelationshipCollection - Parsing relationship: /_rels/.rels
10:28:56.750 [main] DEBUG org.apache.poi.openxml4j.opc.PackageRelationshipCollection - Parsing relationship: /xl/_rels/workbook.xml.rels
10:28:56.751 [main] DEBUG org.apache.poi.openxml4j.opc.PackageRelationshipCollection - Parsing relationship: /xl/worksheets/_rels/sheet1.xml.rels
10:28:56.753 [main] DEBUG org.apache.poi.openxml4j.opc.PackageRelationshipCollection - Parsing relationship: /_rels/.rels
10:28:56.798 [main] DEBUG org.apache.poi.openxml4j.opc.PackageRelationshipCollection - Parsing relationship: /xl/_rels/workbook.xml.rels
10:28:56.799 [main] DEBUG org.apache.poi.openxml4j.opc.PackageRelationshipCollection - Parsing relationship: /xl/worksheets/_rels/sheet1.xml.rels
10:28:56.800 [main] DEBUG org.apache.poi.openxml4j.opc.PackageRelationshipCollection - Parsing relationship: /_rels/.rels
10:28:56.838 [main] DEBUG org.apache.poi.openxml4j.opc.PackageRelationshipCollection - Parsing relationship: /xl/_rels/workbook.xml.rels
10:28:56.839 [main] DEBUG org.apache.poi.openxml4j.opc.PackageRelationshipCollection - Parsing relationship: /xl/worksheets/_rels/sheet1.xml.rels
10:28:56.841 [main] DEBUG org.apache.poi.openxml4j.opc.PackageRelationshipCollection - Parsing relationship: /_rels/.rels
10:28:56.874 [main] DEBUG org.apache.poi.openxml4j.opc.PackageRelationshipCollection - Parsing relationship: /xl/_rels/workbook.xml.rels
10:28:56.875 [main] DEBUG org.apache.poi.openxml4j.opc.PackageRelationshipCollection - Parsing relationship: /xl/worksheets/_rels/sheet1.xml.rels
10:28:56.877 [main] DEBUG org.apache.poi.openxml4j.opc.PackageRelationshipCollection - Parsing relationship: /_rels/.rels
10:28:56.912 [main] DEBUG org.apache.poi.openxml4j.opc.PackageRelationshipCollection - Parsing relationship: /xl/_rels/workbook.xml.rels
10:28:56.915 [main] DEBUG org.apache.poi.openxml4j.opc.PackageRelationshipCollection - Parsing relationship: /xl/worksheets/_rels/sheet1.xml.rels
10:28:56.916 [main] DEBUG org.apache.poi.openxml4j.opc.PackageRelationshipCollection - Parsing relationship: /_rels/.rels
10:28:56.953 [main] DEBUG org.apache.poi.openxml4j.opc.PackageRelationshipCollection - Parsing relationship: /xl/_rels/workbook.xml.rels
10:28:56.954 [main] DEBUG org.apache.poi.openxml4j.opc.PackageRelationshipCollection - Parsing relationship: /xl/worksheets/_rels/sheet1.xml.rels
10:28:56.955 [main] DEBUG org.apache.poi.openxml4j.opc.PackageRelationshipCollection - Parsing relationship: /_rels/.rels
10:28:56.989 [main] DEBUG org.apache.poi.openxml4j.opc.PackageRelationshipCollection - Parsing relationship: /xl/_rels/workbook.xml.rels
10:28:56.990 [main] DEBUG org.apache.poi.openxml4j.opc.PackageRelationshipCollection - Parsing relationship: /xl/worksheets/_rels/sheet1.xml.rels
10:28:56.991 [main] DEBUG org.apache.poi.openxml4j.opc.PackageRelationshipCollection - Parsing relationship: /_rels/.rels
10:28:57.024 [main] DEBUG org.apache.poi.openxml4j.opc.PackageRelationshipCollection - Parsing relationship: /xl/_rels/workbook.xml.rels
10:28:57.025 [main] DEBUG org.apache.poi.openxml4j.opc.PackageRelationshipCollection - Parsing relationship: /xl/worksheets/_rels/sheet1.xml.rels
10:28:57.027 [main] DEBUG org.apache.poi.openxml4j.opc.PackageRelationshipCollection - Parsing relationship: /_rels/.rels
10:31:37.961 [main] DEBUG org.apache.poi.openxml4j.opc.PackageRelationshipCollection - Parsing relationship: /xl/_rels/workbook.xml.rels
10:31:37.972 [main] DEBUG org.apache.poi.openxml4j.opc.PackageRelationshipCollection - Parsing relationship: /xl/worksheets/_rels/sheet1.xml.rels
10:31:37.976 [main] DEBUG org.apache.poi.openxml4j.opc.PackageRelationshipCollection - Parsing relationship: /_rels/.rels
10:31:38.824 [main] DEBUG org.apache.poi.openxml4j.opc.PackageRelationshipCollection - Parsing relationship: /xl/_rels/workbook.xml.rels
10:31:38.826 [main] DEBUG org.apache.poi.openxml4j.opc.PackageRelationshipCollection - Parsing relationship: /xl/worksheets/_rels/sheet1.xml.rels
10:31:38.828 [main] DEBUG org.apache.poi.openxml4j.opc.PackageRelationshipCollection - Parsing relationship: /_rels/.rels
10:31:38.885 [main] DEBUG org.apache.poi.openxml4j.opc.PackageRelationshipCollection - Parsing relationship: /xl/_rels/workbook.xml.rels
10:31:38.886 [main] DEBUG org.apache.poi.openxml4j.opc.PackageRelationshipCollection - Parsing relationship: /xl/worksheets/_rels/sheet1.xml.rels
10:31:38.888 [main] DEBUG org.apache.poi.openxml4j.opc.PackageRelationshipCollection - Parsing relationship: /_rels/.rels
10:31:38.966 [main] DEBUG org.apache.poi.openxml4j.opc.PackageRelationshipCollection - Parsing relationship: /xl/_rels/workbook.xml.rels
10:31:38.967 [main] DEBUG org.apache.poi.openxml4j.opc.PackageRelationshipCollection - Parsing relationship: /xl/worksheets/_rels/sheet1.xml.rels
10:31:38.970 [main] DEBUG org.apache.poi.openxml4j.opc.PackageRelationshipCollection - Parsing relationship: /_rels/.rels
10:31:39.024 [main] DEBUG org.apache.poi.openxml4j.opc.PackageRelationshipCollection - Parsing relationship: /xl/_rels/workbook.xml.rels
10:31:39.026 [main] DEBUG org.apache.poi.openxml4j.opc.PackageRelationshipCollection - Parsing relationship: /xl/worksheets/_rels/sheet1.xml.rels
10:31:39.027 [main] DEBUG org.apache.poi.openxml4j.opc.PackageRelationshipCollection - Parsing relationship: /_rels/.rels
10:31:39.075 [main] DEBUG org.apache.poi.openxml4j.opc.PackageRelationshipCollection - Parsing relationship: /xl/_rels/workbook.xml.rels
10:31:39.077 [main] DEBUG org.apache.poi.openxml4j.opc.PackageRelationshipCollection - Parsing relationship: /xl/worksheets/_rels/sheet1.xml.rels
10:31:39.079 [main] DEBUG org.apache.poi.openxml4j.opc.PackageRelationshipCollection - Parsing relationship: /_rels/.rels
10:31:39.123 [main] DEBUG org.apache.poi.openxml4j.opc.PackageRelationshipCollection - Parsing relationship: /xl/_rels/workbook.xml.rels
10:31:39.124 [main] DEBUG org.apache.poi.openxml4j.opc.PackageRelationshipCollection - Parsing relationship: /xl/worksheets/_rels/sheet1.xml.rels
10:31:39.127 [main] DEBUG org.apache.poi.openxml4j.opc.PackageRelationshipCollection - Parsing relationship: /_rels/.rels
10:31:39.170 [main] DEBUG org.apache.poi.openxml4j.opc.PackageRelationshipCollection - Parsing relationship: /xl/_rels/workbook.xml.rels
10:31:39.172 [main] DEBUG org.apache.poi.openxml4j.opc.PackageRelationshipCollection - Parsing relationship: /xl/worksheets/_rels/sheet1.xml.rels
10:31:39.173 [main] DEBUG org.apache.poi.openxml4j.opc.PackageRelationshipCollection - Parsing relationship: /_rels/.rels
10:31:39.227 [main] DEBUG org.apache.poi.openxml4j.opc.PackageRelationshipCollection - Parsing relationship: /xl/_rels/workbook.xml.rels
10:31:39.228 [main] DEBUG org.apache.poi.openxml4j.opc.PackageRelationshipCollection - Parsing relationship: /xl/worksheets/_rels/sheet1.xml.rels
10:31:39.230 [main] DEBUG org.apache.poi.openxml4j.opc.PackageRelationshipCollection - Parsing relationship: /_rels/.rels
10:31:39.275 [main] DEBUG org.apache.poi.openxml4j.opc.PackageRelationshipCollection - Parsing relationship: /xl/_rels/workbook.xml.rels
10:31:39.277 [main] DEBUG org.apache.poi.openxml4j.opc.PackageRelationshipCollection - Parsing relationship: /xl/worksheets/_rels/sheet1.xml.rels
10:31:39.278 [main] DEBUG org.apache.poi.openxml4j.opc.PackageRelationshipCollection - Parsing relationship: /_rels/.rels
10:31:39.320 [main] DEBUG org.apache.poi.openxml4j.opc.PackageRelationshipCollection - Parsing relationship: /xl/_rels/workbook.xml.rels
10:31:39.323 [main] DEBUG org.apache.poi.openxml4j.opc.PackageRelationshipCollection - Parsing relationship: /xl/worksheets/_rels/sheet1.xml.rels
10:31:39.323 [main] DEBUG org.apache.poi.openxml4j.opc.PackageRelationshipCollection - Parsing relationship: /_rels/.rels
10:31:39.366 [main] DEBUG org.apache.poi.openxml4j.opc.PackageRelationshipCollection - Parsing relationship: /xl/_rels/workbook.xml.rels
10:31:39.368 [main] DEBUG org.apache.poi.openxml4j.opc.PackageRelationshipCollection - Parsing relationship: /xl/worksheets/_rels/sheet1.xml.rels
10:31:39.369 [main] DEBUG org.apache.poi.openxml4j.opc.PackageRelationshipCollection - Parsing relationship: /_rels/.rels
10:31:39.410 [main] DEBUG org.apache.poi.openxml4j.opc.PackageRelationshipCollection - Parsing relationship: /xl/_rels/workbook.xml.rels
10:31:39.411 [main] DEBUG org.apache.poi.openxml4j.opc.PackageRelationshipCollection - Parsing relationship: /xl/worksheets/_rels/sheet1.xml.rels
10:31:39.414 [main] DEBUG org.apache.poi.openxml4j.opc.PackageRelationshipCollection - Parsing relationship: /_rels/.rels
10:31:39.453 [main] DEBUG org.apache.poi.openxml4j.opc.PackageRelationshipCollection - Parsing relationship: /xl/_rels/workbook.xml.rels
10:31:39.454 [main] DEBUG org.apache.poi.openxml4j.opc.PackageRelationshipCollection - Parsing relationship: /xl/worksheets/_rels/sheet1.xml.rels
10:31:39.455 [main] DEBUG org.apache.poi.openxml4j.opc.PackageRelationshipCollection - Parsing relationship: /_rels/.rels
10:31:39.509 [main] INFO  TestBase.BaseClass - ******** started Execution of HomePage **********
10:31:39.747 [main] INFO  TestBase.BaseClass - ******** Suucessfully Entered into Home Page **********
10:31:42.710 [main] INFO  TestBase.BaseClass - ******** started Execution of Login Page **********
10:31:43.207 [main] INFO  TestBase.BaseClass - ******** started Execution of MyAccountPage **********
10:31:44.316 [main] DEBUG org.apache.poi.openxml4j.opc.PackageRelationshipCollection - Parsing relationship: /xl/_rels/workbook.xml.rels
10:31:44.318 [main] DEBUG org.apache.poi.openxml4j.opc.PackageRelationshipCollection - Parsing relationship: /xl/worksheets/_rels/sheet1.xml.rels
10:31:44.319 [main] DEBUG org.apache.poi.openxml4j.opc.PackageRelationshipCollection - Parsing relationship: /_rels/.rels
10:31:44.373 [main] DEBUG org.apache.poi.openxml4j.opc.PackageRelationshipCollection - Parsing relationship: /xl/_rels/workbook.xml.rels
10:31:44.375 [main] DEBUG org.apache.poi.openxml4j.opc.PackageRelationshipCollection - Parsing relationship: /xl/worksheets/_rels/sheet1.xml.rels
10:31:44.376 [main] DEBUG org.apache.poi.openxml4j.opc.PackageRelationshipCollection - Parsing relationship: /_rels/.rels
10:31:44.410 [main] DEBUG org.apache.poi.openxml4j.opc.PackageRelationshipCollection - Parsing relationship: /xl/_rels/workbook.xml.rels
10:31:44.411 [main] DEBUG org.apache.poi.openxml4j.opc.PackageRelationshipCollection - Parsing relationship: /xl/worksheets/_rels/sheet1.xml.rels
10:31:44.412 [main] DEBUG org.apache.poi.openxml4j.opc.PackageRelationshipCollection - Parsing relationship: /_rels/.rels
10:31:47.408 [main] DEBUG org.apache.poi.openxml4j.opc.PackageRelationshipCollection - Parsing relationship: /xl/_rels/workbook.xml.rels
10:31:47.409 [main] DEBUG org.apache.poi.openxml4j.opc.PackageRelationshipCollection - Parsing relationship: /xl/worksheets/_rels/sheet1.xml.rels
10:31:47.410 [main] DEBUG org.apache.poi.openxml4j.opc.PackageRelationshipCollection - Parsing relationship: /_rels/.rels
10:31:47.557 [main] DEBUG org.apache.poi.openxml4j.opc.ZipPackage - Save content types part
10:31:47.672 [main] DEBUG org.apache.poi.openxml4j.opc.ZipPackage - Save package relationships
10:31:47.678 [main] DEBUG org.apache.poi.openxml4j.opc.ZipPackage - Save part 'docProps/app.xml'
10:31:47.679 [main] DEBUG org.apache.poi.openxml4j.opc.ZipPackage - Save part 'docProps/core.xml'
10:31:47.684 [main] DEBUG org.apache.poi.openxml4j.opc.ZipPackage - Save part 'docProps/custom.xml'
10:31:47.684 [main] DEBUG org.apache.poi.openxml4j.opc.ZipPackage - Save part 'xl/sharedStrings.xml'
10:31:47.686 [main] DEBUG org.apache.poi.openxml4j.opc.ZipPackage - Save part 'xl/styles.xml'
10:31:47.686 [main] DEBUG org.apache.poi.openxml4j.opc.ZipPackage - Save part 'xl/theme/theme1.xml'
10:31:47.687 [main] DEBUG org.apache.poi.openxml4j.opc.ZipPackage - Save part 'xl/workbook.xml'
10:31:47.691 [main] DEBUG org.apache.poi.openxml4j.opc.ZipPackage - Save part 'xl/worksheets/sheet1.xml'
10:31:47.693 [main] DEBUG org.apache.poi.openxml4j.opc.ZipPackage - Save part 'xl/worksheets/sheet2.xml'
10:31:47.693 [main] DEBUG org.apache.poi.openxml4j.opc.ZipPackage - Save part 'xl/worksheets/sheet3.xml'
10:31:47.705 [main] DEBUG org.apache.poi.openxml4j.opc.PackageRelationshipCollection - Parsing relationship: /xl/_rels/workbook.xml.rels
10:31:47.707 [main] DEBUG org.apache.poi.openxml4j.opc.PackageRelationshipCollection - Parsing relationship: /xl/worksheets/_rels/sheet1.xml.rels
10:31:47.708 [main] DEBUG org.apache.poi.openxml4j.opc.PackageRelationshipCollection - Parsing relationship: /_rels/.rels
10:31:47.787 [main] DEBUG org.apache.poi.openxml4j.opc.ZipPackage - Save content types part
10:31:47.790 [main] DEBUG org.apache.poi.openxml4j.opc.ZipPackage - Save package relationships
10:31:47.791 [main] DEBUG org.apache.poi.openxml4j.opc.ZipPackage - Save part 'docProps/app.xml'
10:31:47.793 [main] DEBUG org.apache.poi.openxml4j.opc.ZipPackage - Save part 'docProps/core.xml'
10:31:47.795 [main] DEBUG org.apache.poi.openxml4j.opc.ZipPackage - Save part 'docProps/custom.xml'
10:31:47.796 [main] DEBUG org.apache.poi.openxml4j.opc.ZipPackage - Save part 'xl/sharedStrings.xml'
10:31:47.796 [main] DEBUG org.apache.poi.openxml4j.opc.ZipPackage - Save part 'xl/styles.xml'
10:31:47.797 [main] DEBUG org.apache.poi.openxml4j.opc.ZipPackage - Save part 'xl/theme/theme1.xml'
10:31:47.798 [main] DEBUG org.apache.poi.openxml4j.opc.ZipPackage - Save part 'xl/workbook.xml'
10:31:47.800 [main] DEBUG org.apache.poi.openxml4j.opc.ZipPackage - Save part 'xl/worksheets/sheet1.xml'
10:31:47.802 [main] DEBUG org.apache.poi.openxml4j.opc.ZipPackage - Save part 'xl/worksheets/sheet2.xml'
10:31:47.803 [main] DEBUG org.apache.poi.openxml4j.opc.ZipPackage - Save part 'xl/worksheets/sheet3.xml'
10:31:47.852 [main] INFO  TestBase.BaseClass - ******** started Execution of HomePage **********
10:31:47.996 [main] INFO  TestBase.BaseClass - ******** Suucessfully Entered into Home Page **********
10:31:50.619 [main] INFO  TestBase.BaseClass - ******** started Execution of Login Page **********
10:31:51.181 [main] INFO  TestBase.BaseClass - ******** started Execution of MyAccountPage **********
10:32:01.247 [main] DEBUG org.apache.poi.openxml4j.opc.PackageRelationshipCollection - Parsing relationship: /xl/_rels/workbook.xml.rels
10:32:01.249 [main] DEBUG org.apache.poi.openxml4j.opc.PackageRelationshipCollection - Parsing relationship: /xl/worksheets/_rels/sheet1.xml.rels
10:32:01.250 [main] DEBUG org.apache.poi.openxml4j.opc.PackageRelationshipCollection - Parsing relationship: /_rels/.rels
10:32:01.282 [main] DEBUG org.apache.poi.openxml4j.opc.PackageRelationshipCollection - Parsing relationship: /xl/_rels/workbook.xml.rels
10:32:01.283 [main] DEBUG org.apache.poi.openxml4j.opc.PackageRelationshipCollection - Parsing relationship: /xl/worksheets/_rels/sheet1.xml.rels
10:32:01.285 [main] DEBUG org.apache.poi.openxml4j.opc.PackageRelationshipCollection - Parsing relationship: /_rels/.rels
10:32:01.312 [main] DEBUG org.apache.poi.openxml4j.opc.PackageRelationshipCollection - Parsing relationship: /xl/_rels/workbook.xml.rels
10:32:01.313 [main] DEBUG org.apache.poi.openxml4j.opc.PackageRelationshipCollection - Parsing relationship: /xl/worksheets/_rels/sheet1.xml.rels
10:32:01.314 [main] DEBUG org.apache.poi.openxml4j.opc.PackageRelationshipCollection - Parsing relationship: /_rels/.rels
10:32:01.341 [main] DEBUG org.apache.poi.openxml4j.opc.PackageRelationshipCollection - Parsing relationship: /xl/_rels/workbook.xml.rels
10:32:01.342 [main] DEBUG org.apache.poi.openxml4j.opc.PackageRelationshipCollection - Parsing relationship: /xl/worksheets/_rels/sheet1.xml.rels
10:32:01.343 [main] DEBUG org.apache.poi.openxml4j.opc.PackageRelationshipCollection - Parsing relationship: /_rels/.rels
10:32:01.370 [main] DEBUG org.apache.poi.openxml4j.opc.PackageRelationshipCollection - Parsing relationship: /xl/_rels/workbook.xml.rels
10:32:01.371 [main] DEBUG org.apache.poi.openxml4j.opc.PackageRelationshipCollection - Parsing relationship: /xl/worksheets/_rels/sheet1.xml.rels
10:32:01.372 [main] DEBUG org.apache.poi.openxml4j.opc.PackageRelationshipCollection - Parsing relationship: /_rels/.rels
10:32:01.410 [main] DEBUG org.apache.poi.openxml4j.opc.PackageRelationshipCollection - Parsing relationship: /xl/_rels/workbook.xml.rels
10:32:01.411 [main] DEBUG org.apache.poi.openxml4j.opc.PackageRelationshipCollection - Parsing relationship: /xl/worksheets/_rels/sheet1.xml.rels
10:32:01.412 [main] DEBUG org.apache.poi.openxml4j.opc.PackageRelationshipCollection - Parsing relationship: /_rels/.rels
10:32:01.450 [main] DEBUG org.apache.poi.openxml4j.opc.ZipPackage - Save content types part
10:32:01.453 [main] DEBUG org.apache.poi.openxml4j.opc.ZipPackage - Save package relationships
10:32:01.455 [main] DEBUG org.apache.poi.openxml4j.opc.ZipPackage - Save part 'docProps/app.xml'
10:32:01.455 [main] DEBUG org.apache.poi.openxml4j.opc.ZipPackage - Save part 'docProps/core.xml'
10:32:01.458 [main] DEBUG org.apache.poi.openxml4j.opc.ZipPackage - Save part 'docProps/custom.xml'
10:32:01.458 [main] DEBUG org.apache.poi.openxml4j.opc.ZipPackage - Save part 'xl/sharedStrings.xml'
10:32:01.459 [main] DEBUG org.apache.poi.openxml4j.opc.ZipPackage - Save part 'xl/styles.xml'
10:32:01.460 [main] DEBUG org.apache.poi.openxml4j.opc.ZipPackage - Save part 'xl/theme/theme1.xml'
10:32:01.461 [main] DEBUG org.apache.poi.openxml4j.opc.ZipPackage - Save part 'xl/workbook.xml'
10:32:01.463 [main] DEBUG org.apache.poi.openxml4j.opc.ZipPackage - Save part 'xl/worksheets/sheet1.xml'
10:32:01.466 [main] DEBUG org.apache.poi.openxml4j.opc.ZipPackage - Save part 'xl/worksheets/sheet2.xml'
10:32:01.466 [main] DEBUG org.apache.poi.openxml4j.opc.ZipPackage - Save part 'xl/worksheets/sheet3.xml'
10:32:01.475 [main] DEBUG org.apache.poi.openxml4j.opc.PackageRelationshipCollection - Parsing relationship: /xl/_rels/workbook.xml.rels
10:32:01.476 [main] DEBUG org.apache.poi.openxml4j.opc.PackageRelationshipCollection - Parsing relationship: /xl/worksheets/_rels/sheet1.xml.rels
10:32:01.477 [main] DEBUG org.apache.poi.openxml4j.opc.PackageRelationshipCollection - Parsing relationship: /_rels/.rels
10:32:01.518 [main] DEBUG org.apache.poi.openxml4j.opc.ZipPackage - Save content types part
10:32:01.521 [main] DEBUG org.apache.poi.openxml4j.opc.ZipPackage - Save package relationships
10:32:01.523 [main] DEBUG org.apache.poi.openxml4j.opc.ZipPackage - Save part 'docProps/app.xml'
10:32:01.523 [main] DEBUG org.apache.poi.openxml4j.opc.ZipPackage - Save part 'docProps/core.xml'
10:32:01.525 [main] DEBUG org.apache.poi.openxml4j.opc.ZipPackage - Save part 'docProps/custom.xml'
10:32:01.526 [main] DEBUG org.apache.poi.openxml4j.opc.ZipPackage - Save part 'xl/sharedStrings.xml'
10:32:01.526 [main] DEBUG org.apache.poi.openxml4j.opc.ZipPackage - Save part 'xl/styles.xml'
10:32:01.527 [main] DEBUG org.apache.poi.openxml4j.opc.ZipPackage - Save part 'xl/theme/theme1.xml'
10:32:01.528 [main] DEBUG org.apache.poi.openxml4j.opc.ZipPackage - Save part 'xl/workbook.xml'
10:32:01.531 [main] DEBUG org.apache.poi.openxml4j.opc.ZipPackage - Save part 'xl/worksheets/sheet1.xml'
10:32:01.533 [main] DEBUG org.apache.poi.openxml4j.opc.ZipPackage - Save part 'xl/worksheets/sheet2.xml'
10:32:01.533 [main] DEBUG org.apache.poi.openxml4j.opc.ZipPackage - Save part 'xl/worksheets/sheet3.xml'
10:32:01.537 [main] INFO  TestBase.BaseClass - ******** started Execution of HomePage **********
10:32:01.697 [main] INFO  TestBase.BaseClass - ******** Suucessfully Entered into Home Page **********
10:32:04.250 [main] INFO  TestBase.BaseClass - ******** started Execution of Login Page **********
10:32:04.702 [main] INFO  TestBase.BaseClass - ******** started Execution of MyAccountPage **********
10:32:14.748 [main] DEBUG org.apache.poi.openxml4j.opc.PackageRelationshipCollection - Parsing relationship: /xl/_rels/workbook.xml.rels
10:32:14.749 [main] DEBUG org.apache.poi.openxml4j.opc.PackageRelationshipCollection - Parsing relationship: /xl/worksheets/_rels/sheet1.xml.rels
10:32:14.749 [main] DEBUG org.apache.poi.openxml4j.opc.PackageRelationshipCollection - Parsing relationship: /_rels/.rels
10:32:14.772 [main] DEBUG org.apache.poi.openxml4j.opc.PackageRelationshipCollection - Parsing relationship: /xl/_rels/workbook.xml.rels
10:32:14.774 [main] DEBUG org.apache.poi.openxml4j.opc.PackageRelationshipCollection - Parsing relationship: /xl/worksheets/_rels/sheet1.xml.rels
10:32:14.775 [main] DEBUG org.apache.poi.openxml4j.opc.PackageRelationshipCollection - Parsing relationship: /_rels/.rels
10:32:14.802 [main] DEBUG org.apache.poi.openxml4j.opc.PackageRelationshipCollection - Parsing relationship: /xl/_rels/workbook.xml.rels
10:32:14.802 [main] DEBUG org.apache.poi.openxml4j.opc.PackageRelationshipCollection - Parsing relationship: /xl/worksheets/_rels/sheet1.xml.rels
10:32:14.804 [main] DEBUG org.apache.poi.openxml4j.opc.PackageRelationshipCollection - Parsing relationship: /_rels/.rels
10:32:14.828 [main] DEBUG org.apache.poi.openxml4j.opc.PackageRelationshipCollection - Parsing relationship: /xl/_rels/workbook.xml.rels
10:32:14.829 [main] DEBUG org.apache.poi.openxml4j.opc.PackageRelationshipCollection - Parsing relationship: /xl/worksheets/_rels/sheet1.xml.rels
10:32:14.830 [main] DEBUG org.apache.poi.openxml4j.opc.PackageRelationshipCollection - Parsing relationship: /_rels/.rels
10:32:14.854 [main] DEBUG org.apache.poi.openxml4j.opc.PackageRelationshipCollection - Parsing relationship: /xl/_rels/workbook.xml.rels
10:32:14.855 [main] DEBUG org.apache.poi.openxml4j.opc.PackageRelationshipCollection - Parsing relationship: /xl/worksheets/_rels/sheet1.xml.rels
10:32:14.856 [main] DEBUG org.apache.poi.openxml4j.opc.PackageRelationshipCollection - Parsing relationship: /_rels/.rels
10:32:14.879 [main] DEBUG org.apache.poi.openxml4j.opc.PackageRelationshipCollection - Parsing relationship: /xl/_rels/workbook.xml.rels
10:32:14.879 [main] DEBUG org.apache.poi.openxml4j.opc.PackageRelationshipCollection - Parsing relationship: /xl/worksheets/_rels/sheet1.xml.rels
10:32:14.880 [main] DEBUG org.apache.poi.openxml4j.opc.PackageRelationshipCollection - Parsing relationship: /_rels/.rels
10:32:14.905 [main] DEBUG org.apache.poi.openxml4j.opc.PackageRelationshipCollection - Parsing relationship: /xl/_rels/workbook.xml.rels
10:32:14.906 [main] DEBUG org.apache.poi.openxml4j.opc.PackageRelationshipCollection - Parsing relationship: /xl/worksheets/_rels/sheet1.xml.rels
10:32:14.906 [main] DEBUG org.apache.poi.openxml4j.opc.PackageRelationshipCollection - Parsing relationship: /_rels/.rels
10:32:14.927 [main] DEBUG org.apache.poi.openxml4j.opc.PackageRelationshipCollection - Parsing relationship: /xl/_rels/workbook.xml.rels
10:32:14.928 [main] DEBUG org.apache.poi.openxml4j.opc.PackageRelationshipCollection - Parsing relationship: /xl/worksheets/_rels/sheet1.xml.rels
10:32:14.929 [main] DEBUG org.apache.poi.openxml4j.opc.PackageRelationshipCollection - Parsing relationship: /_rels/.rels
10:32:14.961 [main] DEBUG org.apache.poi.openxml4j.opc.ZipPackage - Save content types part
10:32:14.964 [main] DEBUG org.apache.poi.openxml4j.opc.ZipPackage - Save package relationships
10:32:14.966 [main] DEBUG org.apache.poi.openxml4j.opc.ZipPackage - Save part 'docProps/app.xml'
10:32:14.966 [main] DEBUG org.apache.poi.openxml4j.opc.ZipPackage - Save part 'docProps/core.xml'
10:32:14.968 [main] DEBUG org.apache.poi.openxml4j.opc.ZipPackage - Save part 'docProps/custom.xml'
10:32:14.969 [main] DEBUG org.apache.poi.openxml4j.opc.ZipPackage - Save part 'xl/sharedStrings.xml'
10:32:14.969 [main] DEBUG org.apache.poi.openxml4j.opc.ZipPackage - Save part 'xl/styles.xml'
10:32:14.971 [main] DEBUG org.apache.poi.openxml4j.opc.ZipPackage - Save part 'xl/theme/theme1.xml'
10:32:14.971 [main] DEBUG org.apache.poi.openxml4j.opc.ZipPackage - Save part 'xl/workbook.xml'
10:32:14.974 [main] DEBUG org.apache.poi.openxml4j.opc.ZipPackage - Save part 'xl/worksheets/sheet1.xml'
10:32:14.976 [main] DEBUG org.apache.poi.openxml4j.opc.ZipPackage - Save part 'xl/worksheets/sheet2.xml'
10:32:14.977 [main] DEBUG org.apache.poi.openxml4j.opc.ZipPackage - Save part 'xl/worksheets/sheet3.xml'
10:32:14.984 [main] DEBUG org.apache.poi.openxml4j.opc.PackageRelationshipCollection - Parsing relationship: /xl/_rels/workbook.xml.rels
10:32:14.985 [main] DEBUG org.apache.poi.openxml4j.opc.PackageRelationshipCollection - Parsing relationship: /xl/worksheets/_rels/sheet1.xml.rels
10:32:14.986 [main] DEBUG org.apache.poi.openxml4j.opc.PackageRelationshipCollection - Parsing relationship: /_rels/.rels
10:32:15.018 [main] DEBUG org.apache.poi.openxml4j.opc.ZipPackage - Save content types part
10:32:15.022 [main] DEBUG org.apache.poi.openxml4j.opc.ZipPackage - Save package relationships
10:32:15.024 [main] DEBUG org.apache.poi.openxml4j.opc.ZipPackage - Save part 'docProps/app.xml'
10:32:15.024 [main] DEBUG org.apache.poi.openxml4j.opc.ZipPackage - Save part 'docProps/core.xml'
10:32:15.026 [main] DEBUG org.apache.poi.openxml4j.opc.ZipPackage - Save part 'docProps/custom.xml'
10:32:15.027 [main] DEBUG org.apache.poi.openxml4j.opc.ZipPackage - Save part 'xl/sharedStrings.xml'
10:32:15.027 [main] DEBUG org.apache.poi.openxml4j.opc.ZipPackage - Save part 'xl/styles.xml'
10:32:15.028 [main] DEBUG org.apache.poi.openxml4j.opc.ZipPackage - Save part 'xl/theme/theme1.xml'
10:32:15.029 [main] DEBUG org.apache.poi.openxml4j.opc.ZipPackage - Save part 'xl/workbook.xml'
10:32:15.032 [main] DEBUG org.apache.poi.openxml4j.opc.ZipPackage - Save part 'xl/worksheets/sheet1.xml'
10:32:15.033 [main] DEBUG org.apache.poi.openxml4j.opc.ZipPackage - Save part 'xl/worksheets/sheet2.xml'
10:32:15.034 [main] DEBUG org.apache.poi.openxml4j.opc.ZipPackage - Save part 'xl/worksheets/sheet3.xml'
10:32:15.038 [main] INFO  TestBase.BaseClass - ******** started Execution of HomePage **********
10:32:15.178 [main] INFO  TestBase.BaseClass - ******** Suucessfully Entered into Home Page **********
10:32:17.732 [main] INFO  TestBase.BaseClass - ******** started Execution of Login Page **********
10:32:18.252 [main] INFO  TestBase.BaseClass - ******** started Execution of MyAccountPage **********
10:32:28.296 [main] DEBUG org.apache.poi.openxml4j.opc.PackageRelationshipCollection - Parsing relationship: /xl/_rels/workbook.xml.rels
10:32:28.296 [main] DEBUG org.apache.poi.openxml4j.opc.PackageRelationshipCollection - Parsing relationship: /xl/worksheets/_rels/sheet1.xml.rels
10:32:28.297 [main] DEBUG org.apache.poi.openxml4j.opc.PackageRelationshipCollection - Parsing relationship: /_rels/.rels
10:32:28.321 [main] DEBUG org.apache.poi.openxml4j.opc.PackageRelationshipCollection - Parsing relationship: /xl/_rels/workbook.xml.rels
10:32:28.322 [main] DEBUG org.apache.poi.openxml4j.opc.PackageRelationshipCollection - Parsing relationship: /xl/worksheets/_rels/sheet1.xml.rels
10:32:28.323 [main] DEBUG org.apache.poi.openxml4j.opc.PackageRelationshipCollection - Parsing relationship: /_rels/.rels
10:32:28.343 [main] DEBUG org.apache.poi.openxml4j.opc.PackageRelationshipCollection - Parsing relationship: /xl/_rels/workbook.xml.rels
10:32:28.344 [main] DEBUG org.apache.poi.openxml4j.opc.PackageRelationshipCollection - Parsing relationship: /xl/worksheets/_rels/sheet1.xml.rels
10:32:28.345 [main] DEBUG org.apache.poi.openxml4j.opc.PackageRelationshipCollection - Parsing relationship: /_rels/.rels
10:32:28.365 [main] DEBUG org.apache.poi.openxml4j.opc.PackageRelationshipCollection - Parsing relationship: /xl/_rels/workbook.xml.rels
10:32:28.366 [main] DEBUG org.apache.poi.openxml4j.opc.PackageRelationshipCollection - Parsing relationship: /xl/worksheets/_rels/sheet1.xml.rels
10:32:28.367 [main] DEBUG org.apache.poi.openxml4j.opc.PackageRelationshipCollection - Parsing relationship: /_rels/.rels
10:32:28.386 [main] DEBUG org.apache.poi.openxml4j.opc.PackageRelationshipCollection - Parsing relationship: /xl/_rels/workbook.xml.rels
10:32:28.387 [main] DEBUG org.apache.poi.openxml4j.opc.PackageRelationshipCollection - Parsing relationship: /xl/worksheets/_rels/sheet1.xml.rels
10:32:28.388 [main] DEBUG org.apache.poi.openxml4j.opc.PackageRelationshipCollection - Parsing relationship: /_rels/.rels
10:32:28.409 [main] DEBUG org.apache.poi.openxml4j.opc.PackageRelationshipCollection - Parsing relationship: /xl/_rels/workbook.xml.rels
10:32:28.410 [main] DEBUG org.apache.poi.openxml4j.opc.PackageRelationshipCollection - Parsing relationship: /xl/worksheets/_rels/sheet1.xml.rels
10:32:28.410 [main] DEBUG org.apache.poi.openxml4j.opc.PackageRelationshipCollection - Parsing relationship: /_rels/.rels
10:32:28.430 [main] DEBUG org.apache.poi.openxml4j.opc.PackageRelationshipCollection - Parsing relationship: /xl/_rels/workbook.xml.rels
10:32:28.431 [main] DEBUG org.apache.poi.openxml4j.opc.PackageRelationshipCollection - Parsing relationship: /xl/worksheets/_rels/sheet1.xml.rels
10:32:28.431 [main] DEBUG org.apache.poi.openxml4j.opc.PackageRelationshipCollection - Parsing relationship: /_rels/.rels
10:32:28.501 [main] DEBUG org.apache.poi.openxml4j.opc.PackageRelationshipCollection - Parsing relationship: /xl/_rels/workbook.xml.rels
10:32:28.502 [main] DEBUG org.apache.poi.openxml4j.opc.PackageRelationshipCollection - Parsing relationship: /xl/worksheets/_rels/sheet1.xml.rels
10:32:28.502 [main] DEBUG org.apache.poi.openxml4j.opc.PackageRelationshipCollection - Parsing relationship: /_rels/.rels
10:32:28.535 [main] DEBUG org.apache.poi.openxml4j.opc.PackageRelationshipCollection - Parsing relationship: /xl/_rels/workbook.xml.rels
10:32:28.536 [main] DEBUG org.apache.poi.openxml4j.opc.PackageRelationshipCollection - Parsing relationship: /xl/worksheets/_rels/sheet1.xml.rels
10:32:28.537 [main] DEBUG org.apache.poi.openxml4j.opc.PackageRelationshipCollection - Parsing relationship: /_rels/.rels
10:32:28.559 [main] DEBUG org.apache.poi.openxml4j.opc.PackageRelationshipCollection - Parsing relationship: /xl/_rels/workbook.xml.rels
10:32:28.559 [main] DEBUG org.apache.poi.openxml4j.opc.PackageRelationshipCollection - Parsing relationship: /xl/worksheets/_rels/sheet1.xml.rels
10:32:28.560 [main] DEBUG org.apache.poi.openxml4j.opc.PackageRelationshipCollection - Parsing relationship: /_rels/.rels
10:32:28.595 [main] DEBUG org.apache.poi.openxml4j.opc.ZipPackage - Save content types part
10:32:28.598 [main] DEBUG org.apache.poi.openxml4j.opc.ZipPackage - Save package relationships
10:32:28.600 [main] DEBUG org.apache.poi.openxml4j.opc.ZipPackage - Save part 'docProps/app.xml'
10:32:28.600 [main] DEBUG org.apache.poi.openxml4j.opc.ZipPackage - Save part 'docProps/core.xml'
10:32:28.603 [main] DEBUG org.apache.poi.openxml4j.opc.ZipPackage - Save part 'docProps/custom.xml'
10:32:28.603 [main] DEBUG org.apache.poi.openxml4j.opc.ZipPackage - Save part 'xl/sharedStrings.xml'
10:32:28.604 [main] DEBUG org.apache.poi.openxml4j.opc.ZipPackage - Save part 'xl/styles.xml'
10:32:28.604 [main] DEBUG org.apache.poi.openxml4j.opc.ZipPackage - Save part 'xl/theme/theme1.xml'
10:32:28.604 [main] DEBUG org.apache.poi.openxml4j.opc.ZipPackage - Save part 'xl/workbook.xml'
10:32:28.608 [main] DEBUG org.apache.poi.openxml4j.opc.ZipPackage - Save part 'xl/worksheets/sheet1.xml'
10:32:28.610 [main] DEBUG org.apache.poi.openxml4j.opc.ZipPackage - Save part 'xl/worksheets/sheet2.xml'
10:32:28.610 [main] DEBUG org.apache.poi.openxml4j.opc.ZipPackage - Save part 'xl/worksheets/sheet3.xml'
10:32:28.616 [main] DEBUG org.apache.poi.openxml4j.opc.PackageRelationshipCollection - Parsing relationship: /xl/_rels/workbook.xml.rels
10:32:28.617 [main] DEBUG org.apache.poi.openxml4j.opc.PackageRelationshipCollection - Parsing relationship: /xl/worksheets/_rels/sheet1.xml.rels
10:32:28.617 [main] DEBUG org.apache.poi.openxml4j.opc.PackageRelationshipCollection - Parsing relationship: /_rels/.rels
10:32:28.649 [main] DEBUG org.apache.poi.openxml4j.opc.ZipPackage - Save content types part
10:32:28.652 [main] DEBUG org.apache.poi.openxml4j.opc.ZipPackage - Save package relationships
10:32:28.654 [main] DEBUG org.apache.poi.openxml4j.opc.ZipPackage - Save part 'docProps/app.xml'
10:32:28.654 [main] DEBUG org.apache.poi.openxml4j.opc.ZipPackage - Save part 'docProps/core.xml'
10:32:28.657 [main] DEBUG org.apache.poi.openxml4j.opc.ZipPackage - Save part 'docProps/custom.xml'
10:32:28.658 [main] DEBUG org.apache.poi.openxml4j.opc.ZipPackage - Save part 'xl/sharedStrings.xml'
10:32:28.658 [main] DEBUG org.apache.poi.openxml4j.opc.ZipPackage - Save part 'xl/styles.xml'
10:32:28.659 [main] DEBUG org.apache.poi.openxml4j.opc.ZipPackage - Save part 'xl/theme/theme1.xml'
10:32:28.659 [main] DEBUG org.apache.poi.openxml4j.opc.ZipPackage - Save part 'xl/workbook.xml'
10:32:28.661 [main] DEBUG org.apache.poi.openxml4j.opc.ZipPackage - Save part 'xl/worksheets/sheet1.xml'
10:32:28.663 [main] DEBUG org.apache.poi.openxml4j.opc.ZipPackage - Save part 'xl/worksheets/sheet2.xml'
10:32:28.663 [main] DEBUG org.apache.poi.openxml4j.opc.ZipPackage - Save part 'xl/worksheets/sheet3.xml'
11:15:09.662 [main] DEBUG org.apache.poi.openxml4j.opc.PackageRelationshipCollection - Parsing relationship: /xl/_rels/workbook.xml.rels
11:15:09.671 [main] DEBUG org.apache.poi.openxml4j.opc.PackageRelationshipCollection - Parsing relationship: /xl/worksheets/_rels/sheet1.xml.rels
11:15:09.674 [main] DEBUG org.apache.poi.openxml4j.opc.PackageRelationshipCollection - Parsing relationship: /_rels/.rels
11:15:10.493 [main] DEBUG org.apache.poi.openxml4j.opc.PackageRelationshipCollection - Parsing relationship: /xl/_rels/workbook.xml.rels
11:15:10.496 [main] DEBUG org.apache.poi.openxml4j.opc.PackageRelationshipCollection - Parsing relationship: /xl/worksheets/_rels/sheet1.xml.rels
11:15:10.497 [main] DEBUG org.apache.poi.openxml4j.opc.PackageRelationshipCollection - Parsing relationship: /_rels/.rels
11:15:10.548 [main] DEBUG org.apache.poi.openxml4j.opc.PackageRelationshipCollection - Parsing relationship: /xl/_rels/workbook.xml.rels
11:15:10.551 [main] DEBUG org.apache.poi.openxml4j.opc.PackageRelationshipCollection - Parsing relationship: /xl/worksheets/_rels/sheet1.xml.rels
11:15:10.552 [main] DEBUG org.apache.poi.openxml4j.opc.PackageRelationshipCollection - Parsing relationship: /_rels/.rels
11:15:10.634 [main] DEBUG org.apache.poi.openxml4j.opc.PackageRelationshipCollection - Parsing relationship: /xl/_rels/workbook.xml.rels
11:15:10.637 [main] DEBUG org.apache.poi.openxml4j.opc.PackageRelationshipCollection - Parsing relationship: /xl/worksheets/_rels/sheet1.xml.rels
11:15:10.640 [main] DEBUG org.apache.poi.openxml4j.opc.PackageRelationshipCollection - Parsing relationship: /_rels/.rels
11:15:10.706 [main] DEBUG org.apache.poi.openxml4j.opc.PackageRelationshipCollection - Parsing relationship: /xl/_rels/workbook.xml.rels
11:15:10.709 [main] DEBUG org.apache.poi.openxml4j.opc.PackageRelationshipCollection - Parsing relationship: /xl/worksheets/_rels/sheet1.xml.rels
11:15:10.711 [main] DEBUG org.apache.poi.openxml4j.opc.PackageRelationshipCollection - Parsing relationship: /_rels/.rels
11:15:10.771 [main] DEBUG org.apache.poi.openxml4j.opc.PackageRelationshipCollection - Parsing relationship: /xl/_rels/workbook.xml.rels
11:15:10.773 [main] DEBUG org.apache.poi.openxml4j.opc.PackageRelationshipCollection - Parsing relationship: /xl/worksheets/_rels/sheet1.xml.rels
11:15:10.775 [main] DEBUG org.apache.poi.openxml4j.opc.PackageRelationshipCollection - Parsing relationship: /_rels/.rels
11:15:10.830 [main] DEBUG org.apache.poi.openxml4j.opc.PackageRelationshipCollection - Parsing relationship: /xl/_rels/workbook.xml.rels
11:15:10.846 [main] DEBUG org.apache.poi.openxml4j.opc.PackageRelationshipCollection - Parsing relationship: /xl/worksheets/_rels/sheet1.xml.rels
11:15:10.848 [main] DEBUG org.apache.poi.openxml4j.opc.PackageRelationshipCollection - Parsing relationship: /_rels/.rels
11:15:10.902 [main] DEBUG org.apache.poi.openxml4j.opc.PackageRelationshipCollection - Parsing relationship: /xl/_rels/workbook.xml.rels
11:15:10.904 [main] DEBUG org.apache.poi.openxml4j.opc.PackageRelationshipCollection - Parsing relationship: /xl/worksheets/_rels/sheet1.xml.rels
11:15:10.905 [main] DEBUG org.apache.poi.openxml4j.opc.PackageRelationshipCollection - Parsing relationship: /_rels/.rels
11:15:10.964 [main] DEBUG org.apache.poi.openxml4j.opc.PackageRelationshipCollection - Parsing relationship: /xl/_rels/workbook.xml.rels
11:15:10.966 [main] DEBUG org.apache.poi.openxml4j.opc.PackageRelationshipCollection - Parsing relationship: /xl/worksheets/_rels/sheet1.xml.rels
11:15:10.968 [main] DEBUG org.apache.poi.openxml4j.opc.PackageRelationshipCollection - Parsing relationship: /_rels/.rels
11:15:11.014 [main] DEBUG org.apache.poi.openxml4j.opc.PackageRelationshipCollection - Parsing relationship: /xl/_rels/workbook.xml.rels
11:15:11.016 [main] DEBUG org.apache.poi.openxml4j.opc.PackageRelationshipCollection - Parsing relationship: /xl/worksheets/_rels/sheet1.xml.rels
11:15:11.018 [main] DEBUG org.apache.poi.openxml4j.opc.PackageRelationshipCollection - Parsing relationship: /_rels/.rels
11:15:11.066 [main] DEBUG org.apache.poi.openxml4j.opc.PackageRelationshipCollection - Parsing relationship: /xl/_rels/workbook.xml.rels
11:15:11.068 [main] DEBUG org.apache.poi.openxml4j.opc.PackageRelationshipCollection - Parsing relationship: /xl/worksheets/_rels/sheet1.xml.rels
11:15:11.069 [main] DEBUG org.apache.poi.openxml4j.opc.PackageRelationshipCollection - Parsing relationship: /_rels/.rels
11:15:11.114 [main] DEBUG org.apache.poi.openxml4j.opc.PackageRelationshipCollection - Parsing relationship: /xl/_rels/workbook.xml.rels
11:15:11.116 [main] DEBUG org.apache.poi.openxml4j.opc.PackageRelationshipCollection - Parsing relationship: /xl/worksheets/_rels/sheet1.xml.rels
11:15:11.117 [main] DEBUG org.apache.poi.openxml4j.opc.PackageRelationshipCollection - Parsing relationship: /_rels/.rels
11:15:11.161 [main] DEBUG org.apache.poi.openxml4j.opc.PackageRelationshipCollection - Parsing relationship: /xl/_rels/workbook.xml.rels
11:15:11.163 [main] DEBUG org.apache.poi.openxml4j.opc.PackageRelationshipCollection - Parsing relationship: /xl/worksheets/_rels/sheet1.xml.rels
11:15:11.164 [main] DEBUG org.apache.poi.openxml4j.opc.PackageRelationshipCollection - Parsing relationship: /_rels/.rels
11:15:11.206 [main] DEBUG org.apache.poi.openxml4j.opc.PackageRelationshipCollection - Parsing relationship: /xl/_rels/workbook.xml.rels
11:15:11.208 [main] DEBUG org.apache.poi.openxml4j.opc.PackageRelationshipCollection - Parsing relationship: /xl/worksheets/_rels/sheet1.xml.rels
11:15:11.209 [main] DEBUG org.apache.poi.openxml4j.opc.PackageRelationshipCollection - Parsing relationship: /_rels/.rels
11:15:11.267 [main] INFO  TestBase.BaseClass - ******** started Execution of HomePage **********
11:15:11.314 [main] ERROR TestBase.BaseClass - Login Test Got Failed
11:15:11.314 [main] DEBUG TestBase.BaseClass - Debug Logs..
11:15:11.315 [main] INFO  TestBase.BaseClass - ******** Finished TC003 LoginPage with Exception **********
11:15:11.358 [main] INFO  TestBase.BaseClass - ******** started Execution of HomePage **********
11:15:11.359 [main] ERROR TestBase.BaseClass - Login Test Got Failed
11:15:11.359 [main] DEBUG TestBase.BaseClass - Debug Logs..
11:15:11.360 [main] INFO  TestBase.BaseClass - ******** Finished TC003 LoginPage with Exception **********
11:15:11.367 [main] INFO  TestBase.BaseClass - ******** started Execution of HomePage **********
11:15:11.367 [main] ERROR TestBase.BaseClass - Login Test Got Failed
11:15:11.368 [main] DEBUG TestBase.BaseClass - Debug Logs..
11:15:11.368 [main] INFO  TestBase.BaseClass - ******** Finished TC003 LoginPage with Exception **********
11:15:11.373 [main] INFO  TestBase.BaseClass - ******** started Execution of HomePage **********
11:15:11.374 [main] ERROR TestBase.BaseClass - Login Test Got Failed
11:15:11.374 [main] DEBUG TestBase.BaseClass - Debug Logs..
11:15:11.374 [main] INFO  TestBase.BaseClass - ******** Finished TC003 LoginPage with Exception **********
11:19:52.557 [main] DEBUG org.apache.poi.openxml4j.opc.PackageRelationshipCollection - Parsing relationship: /xl/_rels/workbook.xml.rels
11:19:52.565 [main] DEBUG org.apache.poi.openxml4j.opc.PackageRelationshipCollection - Parsing relationship: /xl/worksheets/_rels/sheet1.xml.rels
11:19:52.567 [main] DEBUG org.apache.poi.openxml4j.opc.PackageRelationshipCollection - Parsing relationship: /_rels/.rels
11:19:53.469 [main] DEBUG org.apache.poi.openxml4j.opc.PackageRelationshipCollection - Parsing relationship: /xl/_rels/workbook.xml.rels
11:19:53.472 [main] DEBUG org.apache.poi.openxml4j.opc.PackageRelationshipCollection - Parsing relationship: /xl/worksheets/_rels/sheet1.xml.rels
11:19:53.474 [main] DEBUG org.apache.poi.openxml4j.opc.PackageRelationshipCollection - Parsing relationship: /_rels/.rels
11:19:53.542 [main] DEBUG org.apache.poi.openxml4j.opc.PackageRelationshipCollection - Parsing relationship: /xl/_rels/workbook.xml.rels
11:19:53.544 [main] DEBUG org.apache.poi.openxml4j.opc.PackageRelationshipCollection - Parsing relationship: /xl/worksheets/_rels/sheet1.xml.rels
11:19:53.546 [main] DEBUG org.apache.poi.openxml4j.opc.PackageRelationshipCollection - Parsing relationship: /_rels/.rels
11:19:53.626 [main] DEBUG org.apache.poi.openxml4j.opc.PackageRelationshipCollection - Parsing relationship: /xl/_rels/workbook.xml.rels
11:19:53.630 [main] DEBUG org.apache.poi.openxml4j.opc.PackageRelationshipCollection - Parsing relationship: /xl/worksheets/_rels/sheet1.xml.rels
11:19:53.637 [main] DEBUG org.apache.poi.openxml4j.opc.PackageRelationshipCollection - Parsing relationship: /_rels/.rels
11:19:53.704 [main] DEBUG org.apache.poi.openxml4j.opc.PackageRelationshipCollection - Parsing relationship: /xl/_rels/workbook.xml.rels
11:19:53.706 [main] DEBUG org.apache.poi.openxml4j.opc.PackageRelationshipCollection - Parsing relationship: /xl/worksheets/_rels/sheet1.xml.rels
11:19:53.706 [main] DEBUG org.apache.poi.openxml4j.opc.PackageRelationshipCollection - Parsing relationship: /_rels/.rels
11:19:53.751 [main] DEBUG org.apache.poi.openxml4j.opc.PackageRelationshipCollection - Parsing relationship: /xl/_rels/workbook.xml.rels
11:19:53.753 [main] DEBUG org.apache.poi.openxml4j.opc.PackageRelationshipCollection - Parsing relationship: /xl/worksheets/_rels/sheet1.xml.rels
11:19:53.754 [main] DEBUG org.apache.poi.openxml4j.opc.PackageRelationshipCollection - Parsing relationship: /_rels/.rels
11:19:53.797 [main] DEBUG org.apache.poi.openxml4j.opc.PackageRelationshipCollection - Parsing relationship: /xl/_rels/workbook.xml.rels
11:19:53.799 [main] DEBUG org.apache.poi.openxml4j.opc.PackageRelationshipCollection - Parsing relationship: /xl/worksheets/_rels/sheet1.xml.rels
11:19:53.800 [main] DEBUG org.apache.poi.openxml4j.opc.PackageRelationshipCollection - Parsing relationship: /_rels/.rels
11:19:53.841 [main] DEBUG org.apache.poi.openxml4j.opc.PackageRelationshipCollection - Parsing relationship: /xl/_rels/workbook.xml.rels
11:19:53.842 [main] DEBUG org.apache.poi.openxml4j.opc.PackageRelationshipCollection - Parsing relationship: /xl/worksheets/_rels/sheet1.xml.rels
11:19:53.845 [main] DEBUG org.apache.poi.openxml4j.opc.PackageRelationshipCollection - Parsing relationship: /_rels/.rels
11:19:53.893 [main] DEBUG org.apache.poi.openxml4j.opc.PackageRelationshipCollection - Parsing relationship: /xl/_rels/workbook.xml.rels
11:19:53.895 [main] DEBUG org.apache.poi.openxml4j.opc.PackageRelationshipCollection - Parsing relationship: /xl/worksheets/_rels/sheet1.xml.rels
11:19:53.896 [main] DEBUG org.apache.poi.openxml4j.opc.PackageRelationshipCollection - Parsing relationship: /_rels/.rels
11:19:53.970 [main] DEBUG org.apache.poi.openxml4j.opc.PackageRelationshipCollection - Parsing relationship: /xl/_rels/workbook.xml.rels
11:19:53.972 [main] DEBUG org.apache.poi.openxml4j.opc.PackageRelationshipCollection - Parsing relationship: /xl/worksheets/_rels/sheet1.xml.rels
11:19:53.973 [main] DEBUG org.apache.poi.openxml4j.opc.PackageRelationshipCollection - Parsing relationship: /_rels/.rels
11:19:54.035 [main] DEBUG org.apache.poi.openxml4j.opc.PackageRelationshipCollection - Parsing relationship: /xl/_rels/workbook.xml.rels
11:19:54.038 [main] DEBUG org.apache.poi.openxml4j.opc.PackageRelationshipCollection - Parsing relationship: /xl/worksheets/_rels/sheet1.xml.rels
11:19:54.039 [main] DEBUG org.apache.poi.openxml4j.opc.PackageRelationshipCollection - Parsing relationship: /_rels/.rels
11:19:54.097 [main] DEBUG org.apache.poi.openxml4j.opc.PackageRelationshipCollection - Parsing relationship: /xl/_rels/workbook.xml.rels
11:19:54.099 [main] DEBUG org.apache.poi.openxml4j.opc.PackageRelationshipCollection - Parsing relationship: /xl/worksheets/_rels/sheet1.xml.rels
11:19:54.102 [main] DEBUG org.apache.poi.openxml4j.opc.PackageRelationshipCollection - Parsing relationship: /_rels/.rels
11:19:54.161 [main] DEBUG org.apache.poi.openxml4j.opc.PackageRelationshipCollection - Parsing relationship: /xl/_rels/workbook.xml.rels
11:19:54.163 [main] DEBUG org.apache.poi.openxml4j.opc.PackageRelationshipCollection - Parsing relationship: /xl/worksheets/_rels/sheet1.xml.rels
11:19:54.167 [main] DEBUG org.apache.poi.openxml4j.opc.PackageRelationshipCollection - Parsing relationship: /_rels/.rels
11:19:54.224 [main] DEBUG org.apache.poi.openxml4j.opc.PackageRelationshipCollection - Parsing relationship: /xl/_rels/workbook.xml.rels
11:19:54.226 [main] DEBUG org.apache.poi.openxml4j.opc.PackageRelationshipCollection - Parsing relationship: /xl/worksheets/_rels/sheet1.xml.rels
11:19:54.228 [main] DEBUG org.apache.poi.openxml4j.opc.PackageRelationshipCollection - Parsing relationship: /_rels/.rels
11:19:54.269 [main] INFO  TestBase.BaseClass - ******** started Execution of HomePage **********
11:19:54.306 [main] ERROR TestBase.BaseClass - Login Test Got Failed
11:19:54.307 [main] DEBUG TestBase.BaseClass - Debug Logs..
11:19:54.308 [main] INFO  TestBase.BaseClass - ******** Finished TC003 LoginPage with Exception **********
11:19:54.346 [main] INFO  TestBase.BaseClass - ******** started Execution of HomePage **********
11:19:54.347 [main] ERROR TestBase.BaseClass - Login Test Got Failed
11:19:54.347 [main] DEBUG TestBase.BaseClass - Debug Logs..
11:19:54.347 [main] INFO  TestBase.BaseClass - ******** Finished TC003 LoginPage with Exception **********
11:19:54.354 [main] INFO  TestBase.BaseClass - ******** started Execution of HomePage **********
11:19:54.354 [main] ERROR TestBase.BaseClass - Login Test Got Failed
11:19:54.355 [main] DEBUG TestBase.BaseClass - Debug Logs..
11:19:54.355 [main] INFO  TestBase.BaseClass - ******** Finished TC003 LoginPage with Exception **********
11:19:54.359 [main] INFO  TestBase.BaseClass - ******** started Execution of HomePage **********
11:19:54.359 [main] ERROR TestBase.BaseClass - Login Test Got Failed
11:19:54.359 [main] DEBUG TestBase.BaseClass - Debug Logs..
11:19:54.359 [main] INFO  TestBase.BaseClass - ******** Finished TC003 LoginPage with Exception **********
11:26:04.705 [main] DEBUG org.apache.poi.openxml4j.opc.PackageRelationshipCollection - Parsing relationship: /xl/_rels/workbook.xml.rels
11:26:04.713 [main] DEBUG org.apache.poi.openxml4j.opc.PackageRelationshipCollection - Parsing relationship: /xl/worksheets/_rels/sheet1.xml.rels
11:26:04.716 [main] DEBUG org.apache.poi.openxml4j.opc.PackageRelationshipCollection - Parsing relationship: /_rels/.rels
11:26:05.555 [main] DEBUG org.apache.poi.openxml4j.opc.PackageRelationshipCollection - Parsing relationship: /xl/_rels/workbook.xml.rels
11:26:05.556 [main] DEBUG org.apache.poi.openxml4j.opc.PackageRelationshipCollection - Parsing relationship: /xl/worksheets/_rels/sheet1.xml.rels
11:26:05.558 [main] DEBUG org.apache.poi.openxml4j.opc.PackageRelationshipCollection - Parsing relationship: /_rels/.rels
11:26:05.602 [main] DEBUG org.apache.poi.openxml4j.opc.PackageRelationshipCollection - Parsing relationship: /xl/_rels/workbook.xml.rels
11:26:05.604 [main] DEBUG org.apache.poi.openxml4j.opc.PackageRelationshipCollection - Parsing relationship: /xl/worksheets/_rels/sheet1.xml.rels
11:26:05.605 [main] DEBUG org.apache.poi.openxml4j.opc.PackageRelationshipCollection - Parsing relationship: /_rels/.rels
11:26:05.666 [main] DEBUG org.apache.poi.openxml4j.opc.PackageRelationshipCollection - Parsing relationship: /xl/_rels/workbook.xml.rels
11:26:05.668 [main] DEBUG org.apache.poi.openxml4j.opc.PackageRelationshipCollection - Parsing relationship: /xl/worksheets/_rels/sheet1.xml.rels
11:26:05.669 [main] DEBUG org.apache.poi.openxml4j.opc.PackageRelationshipCollection - Parsing relationship: /_rels/.rels
11:26:05.706 [main] DEBUG org.apache.poi.openxml4j.opc.PackageRelationshipCollection - Parsing relationship: /xl/_rels/workbook.xml.rels
11:26:05.707 [main] DEBUG org.apache.poi.openxml4j.opc.PackageRelationshipCollection - Parsing relationship: /xl/worksheets/_rels/sheet1.xml.rels
11:26:05.709 [main] DEBUG org.apache.poi.openxml4j.opc.PackageRelationshipCollection - Parsing relationship: /_rels/.rels
11:26:05.753 [main] DEBUG org.apache.poi.openxml4j.opc.PackageRelationshipCollection - Parsing relationship: /xl/_rels/workbook.xml.rels
11:26:05.754 [main] DEBUG org.apache.poi.openxml4j.opc.PackageRelationshipCollection - Parsing relationship: /xl/worksheets/_rels/sheet1.xml.rels
11:26:05.756 [main] DEBUG org.apache.poi.openxml4j.opc.PackageRelationshipCollection - Parsing relationship: /_rels/.rels
11:26:05.792 [main] DEBUG org.apache.poi.openxml4j.opc.PackageRelationshipCollection - Parsing relationship: /xl/_rels/workbook.xml.rels
11:26:05.794 [main] DEBUG org.apache.poi.openxml4j.opc.PackageRelationshipCollection - Parsing relationship: /xl/worksheets/_rels/sheet1.xml.rels
11:26:05.795 [main] DEBUG org.apache.poi.openxml4j.opc.PackageRelationshipCollection - Parsing relationship: /_rels/.rels
11:26:05.853 [main] DEBUG org.apache.poi.openxml4j.opc.PackageRelationshipCollection - Parsing relationship: /xl/_rels/workbook.xml.rels
11:26:05.854 [main] DEBUG org.apache.poi.openxml4j.opc.PackageRelationshipCollection - Parsing relationship: /xl/worksheets/_rels/sheet1.xml.rels
11:26:05.855 [main] DEBUG org.apache.poi.openxml4j.opc.PackageRelationshipCollection - Parsing relationship: /_rels/.rels
11:26:05.890 [main] DEBUG org.apache.poi.openxml4j.opc.PackageRelationshipCollection - Parsing relationship: /xl/_rels/workbook.xml.rels
11:26:05.891 [main] DEBUG org.apache.poi.openxml4j.opc.PackageRelationshipCollection - Parsing relationship: /xl/worksheets/_rels/sheet1.xml.rels
11:26:05.892 [main] DEBUG org.apache.poi.openxml4j.opc.PackageRelationshipCollection - Parsing relationship: /_rels/.rels
11:26:05.925 [main] DEBUG org.apache.poi.openxml4j.opc.PackageRelationshipCollection - Parsing relationship: /xl/_rels/workbook.xml.rels
11:26:05.927 [main] DEBUG org.apache.poi.openxml4j.opc.PackageRelationshipCollection - Parsing relationship: /xl/worksheets/_rels/sheet1.xml.rels
11:26:05.928 [main] DEBUG org.apache.poi.openxml4j.opc.PackageRelationshipCollection - Parsing relationship: /_rels/.rels
11:26:05.961 [main] DEBUG org.apache.poi.openxml4j.opc.PackageRelationshipCollection - Parsing relationship: /xl/_rels/workbook.xml.rels
11:26:05.962 [main] DEBUG org.apache.poi.openxml4j.opc.PackageRelationshipCollection - Parsing relationship: /xl/worksheets/_rels/sheet1.xml.rels
11:26:05.963 [main] DEBUG org.apache.poi.openxml4j.opc.PackageRelationshipCollection - Parsing relationship: /_rels/.rels
11:26:05.990 [main] DEBUG org.apache.poi.openxml4j.opc.PackageRelationshipCollection - Parsing relationship: /xl/_rels/workbook.xml.rels
11:26:05.991 [main] DEBUG org.apache.poi.openxml4j.opc.PackageRelationshipCollection - Parsing relationship: /xl/worksheets/_rels/sheet1.xml.rels
11:26:05.992 [main] DEBUG org.apache.poi.openxml4j.opc.PackageRelationshipCollection - Parsing relationship: /_rels/.rels
11:26:06.021 [main] DEBUG org.apache.poi.openxml4j.opc.PackageRelationshipCollection - Parsing relationship: /xl/_rels/workbook.xml.rels
11:26:06.022 [main] DEBUG org.apache.poi.openxml4j.opc.PackageRelationshipCollection - Parsing relationship: /xl/worksheets/_rels/sheet1.xml.rels
11:26:06.023 [main] DEBUG org.apache.poi.openxml4j.opc.PackageRelationshipCollection - Parsing relationship: /_rels/.rels
11:26:06.055 [main] DEBUG org.apache.poi.openxml4j.opc.PackageRelationshipCollection - Parsing relationship: /xl/_rels/workbook.xml.rels
11:26:06.056 [main] DEBUG org.apache.poi.openxml4j.opc.PackageRelationshipCollection - Parsing relationship: /xl/worksheets/_rels/sheet1.xml.rels
11:26:06.057 [main] DEBUG org.apache.poi.openxml4j.opc.PackageRelationshipCollection - Parsing relationship: /_rels/.rels
11:26:06.102 [main] INFO  TestBase.BaseClass - ******** started Execution of HomePage **********
11:26:06.151 [main] ERROR TestBase.BaseClass - Login Test Got Failed
11:26:06.153 [main] DEBUG TestBase.BaseClass - Debug Logs..
11:26:06.153 [main] INFO  TestBase.BaseClass - ******** Finished TC003 LoginPage with Exception **********
11:26:06.192 [main] INFO  TestBase.BaseClass - ******** started Execution of HomePage **********
11:26:06.193 [main] ERROR TestBase.BaseClass - Login Test Got Failed
11:26:06.193 [main] DEBUG TestBase.BaseClass - Debug Logs..
11:26:06.193 [main] INFO  TestBase.BaseClass - ******** Finished TC003 LoginPage with Exception **********
11:26:06.201 [main] INFO  TestBase.BaseClass - ******** started Execution of HomePage **********
11:26:06.201 [main] ERROR TestBase.BaseClass - Login Test Got Failed
11:26:06.201 [main] DEBUG TestBase.BaseClass - Debug Logs..
11:26:06.202 [main] INFO  TestBase.BaseClass - ******** Finished TC003 LoginPage with Exception **********
11:26:06.206 [main] INFO  TestBase.BaseClass - ******** started Execution of HomePage **********
11:26:06.207 [main] ERROR TestBase.BaseClass - Login Test Got Failed
11:26:06.207 [main] DEBUG TestBase.BaseClass - Debug Logs..
11:26:06.207 [main] INFO  TestBase.BaseClass - ******** Finished TC003 LoginPage with Exception **********
11:34:36.388 [main] DEBUG org.apache.poi.openxml4j.opc.PackageRelationshipCollection - Parsing relationship: /xl/_rels/workbook.xml.rels
11:34:36.398 [main] DEBUG org.apache.poi.openxml4j.opc.PackageRelationshipCollection - Parsing relationship: /xl/worksheets/_rels/sheet1.xml.rels
11:34:36.400 [main] DEBUG org.apache.poi.openxml4j.opc.PackageRelationshipCollection - Parsing relationship: /_rels/.rels
11:34:37.218 [main] DEBUG org.apache.poi.openxml4j.opc.PackageRelationshipCollection - Parsing relationship: /xl/_rels/workbook.xml.rels
11:34:37.220 [main] DEBUG org.apache.poi.openxml4j.opc.PackageRelationshipCollection - Parsing relationship: /xl/worksheets/_rels/sheet1.xml.rels
11:34:37.222 [main] DEBUG org.apache.poi.openxml4j.opc.PackageRelationshipCollection - Parsing relationship: /_rels/.rels
11:34:37.264 [main] DEBUG org.apache.poi.openxml4j.opc.PackageRelationshipCollection - Parsing relationship: /xl/_rels/workbook.xml.rels
11:34:37.266 [main] DEBUG org.apache.poi.openxml4j.opc.PackageRelationshipCollection - Parsing relationship: /xl/worksheets/_rels/sheet1.xml.rels
11:34:37.268 [main] DEBUG org.apache.poi.openxml4j.opc.PackageRelationshipCollection - Parsing relationship: /_rels/.rels
11:34:37.320 [main] DEBUG org.apache.poi.openxml4j.opc.PackageRelationshipCollection - Parsing relationship: /xl/_rels/workbook.xml.rels
11:34:37.322 [main] DEBUG org.apache.poi.openxml4j.opc.PackageRelationshipCollection - Parsing relationship: /xl/worksheets/_rels/sheet1.xml.rels
11:34:37.323 [main] DEBUG org.apache.poi.openxml4j.opc.PackageRelationshipCollection - Parsing relationship: /_rels/.rels
11:34:37.370 [main] DEBUG org.apache.poi.openxml4j.opc.PackageRelationshipCollection - Parsing relationship: /xl/_rels/workbook.xml.rels
11:34:37.371 [main] DEBUG org.apache.poi.openxml4j.opc.PackageRelationshipCollection - Parsing relationship: /xl/worksheets/_rels/sheet1.xml.rels
11:34:37.374 [main] DEBUG org.apache.poi.openxml4j.opc.PackageRelationshipCollection - Parsing relationship: /_rels/.rels
11:34:37.425 [main] DEBUG org.apache.poi.openxml4j.opc.PackageRelationshipCollection - Parsing relationship: /xl/_rels/workbook.xml.rels
11:34:37.427 [main] DEBUG org.apache.poi.openxml4j.opc.PackageRelationshipCollection - Parsing relationship: /xl/worksheets/_rels/sheet1.xml.rels
11:34:37.429 [main] DEBUG org.apache.poi.openxml4j.opc.PackageRelationshipCollection - Parsing relationship: /_rels/.rels
11:34:37.461 [main] DEBUG org.apache.poi.openxml4j.opc.PackageRelationshipCollection - Parsing relationship: /xl/_rels/workbook.xml.rels
11:34:37.462 [main] DEBUG org.apache.poi.openxml4j.opc.PackageRelationshipCollection - Parsing relationship: /xl/worksheets/_rels/sheet1.xml.rels
11:34:37.463 [main] DEBUG org.apache.poi.openxml4j.opc.PackageRelationshipCollection - Parsing relationship: /_rels/.rels
11:34:37.509 [main] DEBUG org.apache.poi.openxml4j.opc.PackageRelationshipCollection - Parsing relationship: /xl/_rels/workbook.xml.rels
11:34:37.510 [main] DEBUG org.apache.poi.openxml4j.opc.PackageRelationshipCollection - Parsing relationship: /xl/worksheets/_rels/sheet1.xml.rels
11:34:37.512 [main] DEBUG org.apache.poi.openxml4j.opc.PackageRelationshipCollection - Parsing relationship: /_rels/.rels
11:34:37.547 [main] DEBUG org.apache.poi.openxml4j.opc.PackageRelationshipCollection - Parsing relationship: /xl/_rels/workbook.xml.rels
11:34:37.548 [main] DEBUG org.apache.poi.openxml4j.opc.PackageRelationshipCollection - Parsing relationship: /xl/worksheets/_rels/sheet1.xml.rels
11:34:37.549 [main] DEBUG org.apache.poi.openxml4j.opc.PackageRelationshipCollection - Parsing relationship: /_rels/.rels
11:34:37.577 [main] DEBUG org.apache.poi.openxml4j.opc.PackageRelationshipCollection - Parsing relationship: /xl/_rels/workbook.xml.rels
11:34:37.578 [main] DEBUG org.apache.poi.openxml4j.opc.PackageRelationshipCollection - Parsing relationship: /xl/worksheets/_rels/sheet1.xml.rels
11:34:37.579 [main] DEBUG org.apache.poi.openxml4j.opc.PackageRelationshipCollection - Parsing relationship: /_rels/.rels
11:34:37.611 [main] DEBUG org.apache.poi.openxml4j.opc.PackageRelationshipCollection - Parsing relationship: /xl/_rels/workbook.xml.rels
11:34:37.613 [main] DEBUG org.apache.poi.openxml4j.opc.PackageRelationshipCollection - Parsing relationship: /xl/worksheets/_rels/sheet1.xml.rels
11:34:37.614 [main] DEBUG org.apache.poi.openxml4j.opc.PackageRelationshipCollection - Parsing relationship: /_rels/.rels
11:34:37.651 [main] DEBUG org.apache.poi.openxml4j.opc.PackageRelationshipCollection - Parsing relationship: /xl/_rels/workbook.xml.rels
11:34:37.653 [main] DEBUG org.apache.poi.openxml4j.opc.PackageRelationshipCollection - Parsing relationship: /xl/worksheets/_rels/sheet1.xml.rels
11:34:37.654 [main] DEBUG org.apache.poi.openxml4j.opc.PackageRelationshipCollection - Parsing relationship: /_rels/.rels
11:34:37.685 [main] DEBUG org.apache.poi.openxml4j.opc.PackageRelationshipCollection - Parsing relationship: /xl/_rels/workbook.xml.rels
11:34:37.686 [main] DEBUG org.apache.poi.openxml4j.opc.PackageRelationshipCollection - Parsing relationship: /xl/worksheets/_rels/sheet1.xml.rels
11:34:37.687 [main] DEBUG org.apache.poi.openxml4j.opc.PackageRelationshipCollection - Parsing relationship: /_rels/.rels
11:34:37.713 [main] DEBUG org.apache.poi.openxml4j.opc.PackageRelationshipCollection - Parsing relationship: /xl/_rels/workbook.xml.rels
11:34:37.714 [main] DEBUG org.apache.poi.openxml4j.opc.PackageRelationshipCollection - Parsing relationship: /xl/worksheets/_rels/sheet1.xml.rels
11:34:37.715 [main] DEBUG org.apache.poi.openxml4j.opc.PackageRelationshipCollection - Parsing relationship: /_rels/.rels
11:34:37.761 [main] INFO  TestBase.BaseClass - ******** started Execution of HomePage **********
11:34:37.801 [main] ERROR TestBase.BaseClass - Login Test Got Failed
11:34:37.801 [main] DEBUG TestBase.BaseClass - Debug Logs..
11:34:37.802 [main] INFO  TestBase.BaseClass - ******** Finished TC003 LoginPage with Exception **********
11:34:37.841 [main] INFO  TestBase.BaseClass - ******** started Execution of HomePage **********
11:34:37.842 [main] ERROR TestBase.BaseClass - Login Test Got Failed
11:34:37.842 [main] DEBUG TestBase.BaseClass - Debug Logs..
11:34:37.843 [main] INFO  TestBase.BaseClass - ******** Finished TC003 LoginPage with Exception **********
11:34:37.850 [main] INFO  TestBase.BaseClass - ******** started Execution of HomePage **********
11:34:37.851 [main] ERROR TestBase.BaseClass - Login Test Got Failed
11:34:37.851 [main] DEBUG TestBase.BaseClass - Debug Logs..
11:34:37.851 [main] INFO  TestBase.BaseClass - ******** Finished TC003 LoginPage with Exception **********
11:34:37.855 [main] INFO  TestBase.BaseClass - ******** started Execution of HomePage **********
11:34:37.857 [main] ERROR TestBase.BaseClass - Login Test Got Failed
11:34:37.857 [main] DEBUG TestBase.BaseClass - Debug Logs..
11:34:37.857 [main] INFO  TestBase.BaseClass - ******** Finished TC003 LoginPage with Exception **********
11:40:03.712 [main] DEBUG org.apache.poi.openxml4j.opc.PackageRelationshipCollection - Parsing relationship: /xl/_rels/workbook.xml.rels
11:40:03.721 [main] DEBUG org.apache.poi.openxml4j.opc.PackageRelationshipCollection - Parsing relationship: /xl/worksheets/_rels/sheet1.xml.rels
11:40:03.725 [main] DEBUG org.apache.poi.openxml4j.opc.PackageRelationshipCollection - Parsing relationship: /_rels/.rels
11:40:04.680 [main] DEBUG org.apache.poi.openxml4j.opc.PackageRelationshipCollection - Parsing relationship: /xl/_rels/workbook.xml.rels
11:40:04.683 [main] DEBUG org.apache.poi.openxml4j.opc.PackageRelationshipCollection - Parsing relationship: /xl/worksheets/_rels/sheet1.xml.rels
11:40:04.686 [main] DEBUG org.apache.poi.openxml4j.opc.PackageRelationshipCollection - Parsing relationship: /_rels/.rels
11:40:04.743 [main] DEBUG org.apache.poi.openxml4j.opc.PackageRelationshipCollection - Parsing relationship: /xl/_rels/workbook.xml.rels
11:40:04.745 [main] DEBUG org.apache.poi.openxml4j.opc.PackageRelationshipCollection - Parsing relationship: /xl/worksheets/_rels/sheet1.xml.rels
11:40:04.746 [main] DEBUG org.apache.poi.openxml4j.opc.PackageRelationshipCollection - Parsing relationship: /_rels/.rels
11:40:04.806 [main] DEBUG org.apache.poi.openxml4j.opc.PackageRelationshipCollection - Parsing relationship: /xl/_rels/workbook.xml.rels
11:40:04.808 [main] DEBUG org.apache.poi.openxml4j.opc.PackageRelationshipCollection - Parsing relationship: /xl/worksheets/_rels/sheet1.xml.rels
11:40:04.810 [main] DEBUG org.apache.poi.openxml4j.opc.PackageRelationshipCollection - Parsing relationship: /_rels/.rels
11:40:04.860 [main] DEBUG org.apache.poi.openxml4j.opc.PackageRelationshipCollection - Parsing relationship: /xl/_rels/workbook.xml.rels
11:40:04.862 [main] DEBUG org.apache.poi.openxml4j.opc.PackageRelationshipCollection - Parsing relationship: /xl/worksheets/_rels/sheet1.xml.rels
11:40:04.864 [main] DEBUG org.apache.poi.openxml4j.opc.PackageRelationshipCollection - Parsing relationship: /_rels/.rels
11:40:04.908 [main] DEBUG org.apache.poi.openxml4j.opc.PackageRelationshipCollection - Parsing relationship: /xl/_rels/workbook.xml.rels
11:40:04.910 [main] DEBUG org.apache.poi.openxml4j.opc.PackageRelationshipCollection - Parsing relationship: /xl/worksheets/_rels/sheet1.xml.rels
11:40:04.910 [main] DEBUG org.apache.poi.openxml4j.opc.PackageRelationshipCollection - Parsing relationship: /_rels/.rels
11:40:04.953 [main] DEBUG org.apache.poi.openxml4j.opc.PackageRelationshipCollection - Parsing relationship: /xl/_rels/workbook.xml.rels
11:40:04.955 [main] DEBUG org.apache.poi.openxml4j.opc.PackageRelationshipCollection - Parsing relationship: /xl/worksheets/_rels/sheet1.xml.rels
11:40:04.956 [main] DEBUG org.apache.poi.openxml4j.opc.PackageRelationshipCollection - Parsing relationship: /_rels/.rels
11:40:05.007 [main] DEBUG org.apache.poi.openxml4j.opc.PackageRelationshipCollection - Parsing relationship: /xl/_rels/workbook.xml.rels
11:40:05.008 [main] DEBUG org.apache.poi.openxml4j.opc.PackageRelationshipCollection - Parsing relationship: /xl/worksheets/_rels/sheet1.xml.rels
11:40:05.009 [main] DEBUG org.apache.poi.openxml4j.opc.PackageRelationshipCollection - Parsing relationship: /_rels/.rels
11:40:05.046 [main] DEBUG org.apache.poi.openxml4j.opc.PackageRelationshipCollection - Parsing relationship: /xl/_rels/workbook.xml.rels
11:40:05.047 [main] DEBUG org.apache.poi.openxml4j.opc.PackageRelationshipCollection - Parsing relationship: /xl/worksheets/_rels/sheet1.xml.rels
11:40:05.048 [main] DEBUG org.apache.poi.openxml4j.opc.PackageRelationshipCollection - Parsing relationship: /_rels/.rels
11:40:05.081 [main] DEBUG org.apache.poi.openxml4j.opc.PackageRelationshipCollection - Parsing relationship: /xl/_rels/workbook.xml.rels
11:40:05.082 [main] DEBUG org.apache.poi.openxml4j.opc.PackageRelationshipCollection - Parsing relationship: /xl/worksheets/_rels/sheet1.xml.rels
11:40:05.082 [main] DEBUG org.apache.poi.openxml4j.opc.PackageRelationshipCollection - Parsing relationship: /_rels/.rels
11:40:05.113 [main] DEBUG org.apache.poi.openxml4j.opc.PackageRelationshipCollection - Parsing relationship: /xl/_rels/workbook.xml.rels
11:40:05.115 [main] DEBUG org.apache.poi.openxml4j.opc.PackageRelationshipCollection - Parsing relationship: /xl/worksheets/_rels/sheet1.xml.rels
11:40:05.116 [main] DEBUG org.apache.poi.openxml4j.opc.PackageRelationshipCollection - Parsing relationship: /_rels/.rels
11:40:05.150 [main] DEBUG org.apache.poi.openxml4j.opc.PackageRelationshipCollection - Parsing relationship: /xl/_rels/workbook.xml.rels
11:40:05.151 [main] DEBUG org.apache.poi.openxml4j.opc.PackageRelationshipCollection - Parsing relationship: /xl/worksheets/_rels/sheet1.xml.rels
11:40:05.152 [main] DEBUG org.apache.poi.openxml4j.opc.PackageRelationshipCollection - Parsing relationship: /_rels/.rels
11:40:05.188 [main] DEBUG org.apache.poi.openxml4j.opc.PackageRelationshipCollection - Parsing relationship: /xl/_rels/workbook.xml.rels
11:40:05.189 [main] DEBUG org.apache.poi.openxml4j.opc.PackageRelationshipCollection - Parsing relationship: /xl/worksheets/_rels/sheet1.xml.rels
11:40:05.190 [main] DEBUG org.apache.poi.openxml4j.opc.PackageRelationshipCollection - Parsing relationship: /_rels/.rels
11:40:05.221 [main] DEBUG org.apache.poi.openxml4j.opc.PackageRelationshipCollection - Parsing relationship: /xl/_rels/workbook.xml.rels
11:40:05.222 [main] DEBUG org.apache.poi.openxml4j.opc.PackageRelationshipCollection - Parsing relationship: /xl/worksheets/_rels/sheet1.xml.rels
11:40:05.223 [main] DEBUG org.apache.poi.openxml4j.opc.PackageRelationshipCollection - Parsing relationship: /_rels/.rels
11:40:05.276 [main] INFO  TestBase.BaseClass - ******** started Execution of HomePage **********
11:40:05.329 [main] ERROR TestBase.BaseClass - Login Test Got Failed
11:40:05.329 [main] DEBUG TestBase.BaseClass - Debug Logs..
11:40:05.330 [main] INFO  TestBase.BaseClass - ******** Finished TC003 LoginPage with Exception **********
11:40:05.375 [main] INFO  TestBase.BaseClass - ******** started Execution of HomePage **********
11:40:05.376 [main] ERROR TestBase.BaseClass - Login Test Got Failed
11:40:05.376 [main] DEBUG TestBase.BaseClass - Debug Logs..
11:40:05.376 [main] INFO  TestBase.BaseClass - ******** Finished TC003 LoginPage with Exception **********
11:40:05.384 [main] INFO  TestBase.BaseClass - ******** started Execution of HomePage **********
11:40:05.384 [main] ERROR TestBase.BaseClass - Login Test Got Failed
11:40:05.385 [main] DEBUG TestBase.BaseClass - Debug Logs..
11:40:05.385 [main] INFO  TestBase.BaseClass - ******** Finished TC003 LoginPage with Exception **********
11:40:05.392 [main] INFO  TestBase.BaseClass - ******** started Execution of HomePage **********
11:40:05.393 [main] ERROR TestBase.BaseClass - Login Test Got Failed
11:40:05.393 [main] DEBUG TestBase.BaseClass - Debug Logs..
11:40:05.393 [main] INFO  TestBase.BaseClass - ******** Finished TC003 LoginPage with Exception **********
11:41:39.290 [main] DEBUG org.apache.poi.openxml4j.opc.PackageRelationshipCollection - Parsing relationship: /xl/_rels/workbook.xml.rels
11:41:39.299 [main] DEBUG org.apache.poi.openxml4j.opc.PackageRelationshipCollection - Parsing relationship: /xl/worksheets/_rels/sheet1.xml.rels
11:41:39.303 [main] DEBUG org.apache.poi.openxml4j.opc.PackageRelationshipCollection - Parsing relationship: /_rels/.rels
11:41:40.094 [main] DEBUG org.apache.poi.openxml4j.opc.PackageRelationshipCollection - Parsing relationship: /xl/_rels/workbook.xml.rels
11:41:40.095 [main] DEBUG org.apache.poi.openxml4j.opc.PackageRelationshipCollection - Parsing relationship: /xl/worksheets/_rels/sheet1.xml.rels
11:41:40.097 [main] DEBUG org.apache.poi.openxml4j.opc.PackageRelationshipCollection - Parsing relationship: /_rels/.rels
11:41:40.147 [main] DEBUG org.apache.poi.openxml4j.opc.PackageRelationshipCollection - Parsing relationship: /xl/_rels/workbook.xml.rels
11:41:40.148 [main] DEBUG org.apache.poi.openxml4j.opc.PackageRelationshipCollection - Parsing relationship: /xl/worksheets/_rels/sheet1.xml.rels
11:41:40.151 [main] DEBUG org.apache.poi.openxml4j.opc.PackageRelationshipCollection - Parsing relationship: /_rels/.rels
11:41:40.216 [main] DEBUG org.apache.poi.openxml4j.opc.PackageRelationshipCollection - Parsing relationship: /xl/_rels/workbook.xml.rels
11:41:40.218 [main] DEBUG org.apache.poi.openxml4j.opc.PackageRelationshipCollection - Parsing relationship: /xl/worksheets/_rels/sheet1.xml.rels
11:41:40.221 [main] DEBUG org.apache.poi.openxml4j.opc.PackageRelationshipCollection - Parsing relationship: /_rels/.rels
11:41:40.266 [main] DEBUG org.apache.poi.openxml4j.opc.PackageRelationshipCollection - Parsing relationship: /xl/_rels/workbook.xml.rels
11:41:40.268 [main] DEBUG org.apache.poi.openxml4j.opc.PackageRelationshipCollection - Parsing relationship: /xl/worksheets/_rels/sheet1.xml.rels
11:41:40.269 [main] DEBUG org.apache.poi.openxml4j.opc.PackageRelationshipCollection - Parsing relationship: /_rels/.rels
11:41:40.321 [main] DEBUG org.apache.poi.openxml4j.opc.PackageRelationshipCollection - Parsing relationship: /xl/_rels/workbook.xml.rels
11:41:40.324 [main] DEBUG org.apache.poi.openxml4j.opc.PackageRelationshipCollection - Parsing relationship: /xl/worksheets/_rels/sheet1.xml.rels
11:41:40.325 [main] DEBUG org.apache.poi.openxml4j.opc.PackageRelationshipCollection - Parsing relationship: /_rels/.rels
11:41:40.382 [main] DEBUG org.apache.poi.openxml4j.opc.PackageRelationshipCollection - Parsing relationship: /xl/_rels/workbook.xml.rels
11:41:40.384 [main] DEBUG org.apache.poi.openxml4j.opc.PackageRelationshipCollection - Parsing relationship: /xl/worksheets/_rels/sheet1.xml.rels
11:41:40.385 [main] DEBUG org.apache.poi.openxml4j.opc.PackageRelationshipCollection - Parsing relationship: /_rels/.rels
11:41:40.455 [main] DEBUG org.apache.poi.openxml4j.opc.PackageRelationshipCollection - Parsing relationship: /xl/_rels/workbook.xml.rels
11:41:40.457 [main] DEBUG org.apache.poi.openxml4j.opc.PackageRelationshipCollection - Parsing relationship: /xl/worksheets/_rels/sheet1.xml.rels
11:41:40.460 [main] DEBUG org.apache.poi.openxml4j.opc.PackageRelationshipCollection - Parsing relationship: /_rels/.rels
11:41:40.508 [main] DEBUG org.apache.poi.openxml4j.opc.PackageRelationshipCollection - Parsing relationship: /xl/_rels/workbook.xml.rels
11:41:40.509 [main] DEBUG org.apache.poi.openxml4j.opc.PackageRelationshipCollection - Parsing relationship: /xl/worksheets/_rels/sheet1.xml.rels
11:41:40.512 [main] DEBUG org.apache.poi.openxml4j.opc.PackageRelationshipCollection - Parsing relationship: /_rels/.rels
11:41:40.558 [main] DEBUG org.apache.poi.openxml4j.opc.PackageRelationshipCollection - Parsing relationship: /xl/_rels/workbook.xml.rels
11:41:40.559 [main] DEBUG org.apache.poi.openxml4j.opc.PackageRelationshipCollection - Parsing relationship: /xl/worksheets/_rels/sheet1.xml.rels
11:41:40.560 [main] DEBUG org.apache.poi.openxml4j.opc.PackageRelationshipCollection - Parsing relationship: /_rels/.rels
11:41:40.593 [main] DEBUG org.apache.poi.openxml4j.opc.PackageRelationshipCollection - Parsing relationship: /xl/_rels/workbook.xml.rels
11:41:40.595 [main] DEBUG org.apache.poi.openxml4j.opc.PackageRelationshipCollection - Parsing relationship: /xl/worksheets/_rels/sheet1.xml.rels
11:41:40.595 [main] DEBUG org.apache.poi.openxml4j.opc.PackageRelationshipCollection - Parsing relationship: /_rels/.rels
11:41:40.639 [main] DEBUG org.apache.poi.openxml4j.opc.PackageRelationshipCollection - Parsing relationship: /xl/_rels/workbook.xml.rels
11:41:40.641 [main] DEBUG org.apache.poi.openxml4j.opc.PackageRelationshipCollection - Parsing relationship: /xl/worksheets/_rels/sheet1.xml.rels
11:41:40.643 [main] DEBUG org.apache.poi.openxml4j.opc.PackageRelationshipCollection - Parsing relationship: /_rels/.rels
11:41:40.690 [main] DEBUG org.apache.poi.openxml4j.opc.PackageRelationshipCollection - Parsing relationship: /xl/_rels/workbook.xml.rels
11:41:40.692 [main] DEBUG org.apache.poi.openxml4j.opc.PackageRelationshipCollection - Parsing relationship: /xl/worksheets/_rels/sheet1.xml.rels
11:41:40.693 [main] DEBUG org.apache.poi.openxml4j.opc.PackageRelationshipCollection - Parsing relationship: /_rels/.rels
11:41:40.740 [main] DEBUG org.apache.poi.openxml4j.opc.PackageRelationshipCollection - Parsing relationship: /xl/_rels/workbook.xml.rels
11:41:40.742 [main] DEBUG org.apache.poi.openxml4j.opc.PackageRelationshipCollection - Parsing relationship: /xl/worksheets/_rels/sheet1.xml.rels
11:41:40.743 [main] DEBUG org.apache.poi.openxml4j.opc.PackageRelationshipCollection - Parsing relationship: /_rels/.rels
11:41:40.794 [main] INFO  TestBase.BaseClass - ******** started Execution of HomePage **********
11:41:40.837 [main] ERROR TestBase.BaseClass - Login Test Got Failed
11:41:40.837 [main] DEBUG TestBase.BaseClass - Debug Logs..
11:41:40.837 [main] INFO  TestBase.BaseClass - ******** Finished TC003 LoginPage with Exception **********
11:41:40.892 [main] INFO  TestBase.BaseClass - ******** started Execution of HomePage **********
11:41:40.893 [main] ERROR TestBase.BaseClass - Login Test Got Failed
11:41:40.893 [main] DEBUG TestBase.BaseClass - Debug Logs..
11:41:40.894 [main] INFO  TestBase.BaseClass - ******** Finished TC003 LoginPage with Exception **********
11:41:40.903 [main] INFO  TestBase.BaseClass - ******** started Execution of HomePage **********
11:41:40.904 [main] ERROR TestBase.BaseClass - Login Test Got Failed
11:41:40.904 [main] DEBUG TestBase.BaseClass - Debug Logs..
11:41:40.905 [main] INFO  TestBase.BaseClass - ******** Finished TC003 LoginPage with Exception **********
11:41:40.912 [main] INFO  TestBase.BaseClass - ******** started Execution of HomePage **********
11:41:40.913 [main] ERROR TestBase.BaseClass - Login Test Got Failed
11:41:40.913 [main] DEBUG TestBase.BaseClass - Debug Logs..
11:41:40.913 [main] INFO  TestBase.BaseClass - ******** Finished TC003 LoginPage with Exception **********
11:56:00.844 [main] DEBUG org.apache.poi.openxml4j.opc.PackageRelationshipCollection - Parsing relationship: /xl/_rels/workbook.xml.rels
11:56:00.855 [main] DEBUG org.apache.poi.openxml4j.opc.PackageRelationshipCollection - Parsing relationship: /xl/worksheets/_rels/sheet1.xml.rels
11:56:00.857 [main] DEBUG org.apache.poi.openxml4j.opc.PackageRelationshipCollection - Parsing relationship: /_rels/.rels
11:56:01.668 [main] DEBUG org.apache.poi.openxml4j.opc.PackageRelationshipCollection - Parsing relationship: /xl/_rels/workbook.xml.rels
11:56:01.669 [main] DEBUG org.apache.poi.openxml4j.opc.PackageRelationshipCollection - Parsing relationship: /xl/worksheets/_rels/sheet1.xml.rels
11:56:01.671 [main] DEBUG org.apache.poi.openxml4j.opc.PackageRelationshipCollection - Parsing relationship: /_rels/.rels
11:56:01.721 [main] DEBUG org.apache.poi.openxml4j.opc.PackageRelationshipCollection - Parsing relationship: /xl/_rels/workbook.xml.rels
11:56:01.723 [main] DEBUG org.apache.poi.openxml4j.opc.PackageRelationshipCollection - Parsing relationship: /xl/worksheets/_rels/sheet1.xml.rels
11:56:01.725 [main] DEBUG org.apache.poi.openxml4j.opc.PackageRelationshipCollection - Parsing relationship: /_rels/.rels
11:56:01.787 [main] DEBUG org.apache.poi.openxml4j.opc.PackageRelationshipCollection - Parsing relationship: /xl/_rels/workbook.xml.rels
11:56:01.789 [main] DEBUG org.apache.poi.openxml4j.opc.PackageRelationshipCollection - Parsing relationship: /xl/worksheets/_rels/sheet1.xml.rels
11:56:01.791 [main] DEBUG org.apache.poi.openxml4j.opc.PackageRelationshipCollection - Parsing relationship: /_rels/.rels
11:56:01.844 [main] DEBUG org.apache.poi.openxml4j.opc.PackageRelationshipCollection - Parsing relationship: /xl/_rels/workbook.xml.rels
11:56:01.847 [main] DEBUG org.apache.poi.openxml4j.opc.PackageRelationshipCollection - Parsing relationship: /xl/worksheets/_rels/sheet1.xml.rels
11:56:01.848 [main] DEBUG org.apache.poi.openxml4j.opc.PackageRelationshipCollection - Parsing relationship: /_rels/.rels
11:56:01.886 [main] DEBUG org.apache.poi.openxml4j.opc.PackageRelationshipCollection - Parsing relationship: /xl/_rels/workbook.xml.rels
11:56:01.887 [main] DEBUG org.apache.poi.openxml4j.opc.PackageRelationshipCollection - Parsing relationship: /xl/worksheets/_rels/sheet1.xml.rels
11:56:01.888 [main] DEBUG org.apache.poi.openxml4j.opc.PackageRelationshipCollection - Parsing relationship: /_rels/.rels
11:56:01.920 [main] DEBUG org.apache.poi.openxml4j.opc.PackageRelationshipCollection - Parsing relationship: /xl/_rels/workbook.xml.rels
11:56:01.922 [main] DEBUG org.apache.poi.openxml4j.opc.PackageRelationshipCollection - Parsing relationship: /xl/worksheets/_rels/sheet1.xml.rels
11:56:01.923 [main] DEBUG org.apache.poi.openxml4j.opc.PackageRelationshipCollection - Parsing relationship: /_rels/.rels
11:56:01.973 [main] DEBUG org.apache.poi.openxml4j.opc.PackageRelationshipCollection - Parsing relationship: /xl/_rels/workbook.xml.rels
11:56:01.974 [main] DEBUG org.apache.poi.openxml4j.opc.PackageRelationshipCollection - Parsing relationship: /xl/worksheets/_rels/sheet1.xml.rels
11:56:01.975 [main] DEBUG org.apache.poi.openxml4j.opc.PackageRelationshipCollection - Parsing relationship: /_rels/.rels
11:56:02.008 [main] DEBUG org.apache.poi.openxml4j.opc.PackageRelationshipCollection - Parsing relationship: /xl/_rels/workbook.xml.rels
11:56:02.009 [main] DEBUG org.apache.poi.openxml4j.opc.PackageRelationshipCollection - Parsing relationship: /xl/worksheets/_rels/sheet1.xml.rels
11:56:02.011 [main] DEBUG org.apache.poi.openxml4j.opc.PackageRelationshipCollection - Parsing relationship: /_rels/.rels
11:56:02.041 [main] DEBUG org.apache.poi.openxml4j.opc.PackageRelationshipCollection - Parsing relationship: /xl/_rels/workbook.xml.rels
11:56:02.042 [main] DEBUG org.apache.poi.openxml4j.opc.PackageRelationshipCollection - Parsing relationship: /xl/worksheets/_rels/sheet1.xml.rels
11:56:02.043 [main] DEBUG org.apache.poi.openxml4j.opc.PackageRelationshipCollection - Parsing relationship: /_rels/.rels
11:56:02.075 [main] DEBUG org.apache.poi.openxml4j.opc.PackageRelationshipCollection - Parsing relationship: /xl/_rels/workbook.xml.rels
11:56:02.075 [main] DEBUG org.apache.poi.openxml4j.opc.PackageRelationshipCollection - Parsing relationship: /xl/worksheets/_rels/sheet1.xml.rels
11:56:02.076 [main] DEBUG org.apache.poi.openxml4j.opc.PackageRelationshipCollection - Parsing relationship: /_rels/.rels
11:56:02.111 [main] DEBUG org.apache.poi.openxml4j.opc.PackageRelationshipCollection - Parsing relationship: /xl/_rels/workbook.xml.rels
11:56:02.113 [main] DEBUG org.apache.poi.openxml4j.opc.PackageRelationshipCollection - Parsing relationship: /xl/worksheets/_rels/sheet1.xml.rels
11:56:02.115 [main] DEBUG org.apache.poi.openxml4j.opc.PackageRelationshipCollection - Parsing relationship: /_rels/.rels
11:56:02.147 [main] DEBUG org.apache.poi.openxml4j.opc.PackageRelationshipCollection - Parsing relationship: /xl/_rels/workbook.xml.rels
11:56:02.148 [main] DEBUG org.apache.poi.openxml4j.opc.PackageRelationshipCollection - Parsing relationship: /xl/worksheets/_rels/sheet1.xml.rels
11:56:02.149 [main] DEBUG org.apache.poi.openxml4j.opc.PackageRelationshipCollection - Parsing relationship: /_rels/.rels
11:56:02.175 [main] DEBUG org.apache.poi.openxml4j.opc.PackageRelationshipCollection - Parsing relationship: /xl/_rels/workbook.xml.rels
11:56:02.176 [main] DEBUG org.apache.poi.openxml4j.opc.PackageRelationshipCollection - Parsing relationship: /xl/worksheets/_rels/sheet1.xml.rels
11:56:02.177 [main] DEBUG org.apache.poi.openxml4j.opc.PackageRelationshipCollection - Parsing relationship: /_rels/.rels
11:56:02.221 [main] INFO  TestBase.BaseClass - ******** started Execution of HomePage **********
11:56:02.268 [main] ERROR TestBase.BaseClass - Login Test Got Failed
11:56:02.268 [main] DEBUG TestBase.BaseClass - Debug Logs..
11:56:02.269 [main] INFO  TestBase.BaseClass - ******** Finished TC003 LoginPage with Exception **********
11:56:02.309 [main] INFO  TestBase.BaseClass - ******** started Execution of HomePage **********
11:56:02.310 [main] ERROR TestBase.BaseClass - Login Test Got Failed
11:56:02.310 [main] DEBUG TestBase.BaseClass - Debug Logs..
11:56:02.310 [main] INFO  TestBase.BaseClass - ******** Finished TC003 LoginPage with Exception **********
11:56:02.318 [main] INFO  TestBase.BaseClass - ******** started Execution of HomePage **********
11:56:02.319 [main] ERROR TestBase.BaseClass - Login Test Got Failed
11:56:02.319 [main] DEBUG TestBase.BaseClass - Debug Logs..
11:56:02.319 [main] INFO  TestBase.BaseClass - ******** Finished TC003 LoginPage with Exception **********
11:56:02.324 [main] INFO  TestBase.BaseClass - ******** started Execution of HomePage **********
11:56:02.326 [main] ERROR TestBase.BaseClass - Login Test Got Failed
11:56:02.326 [main] DEBUG TestBase.BaseClass - Debug Logs..
11:56:02.327 [main] INFO  TestBase.BaseClass - ******** Finished TC003 LoginPage with Exception **********
11:59:38.329 [main] DEBUG org.apache.poi.openxml4j.opc.PackageRelationshipCollection - Parsing relationship: /xl/_rels/workbook.xml.rels
11:59:38.334 [main] DEBUG org.apache.poi.openxml4j.opc.PackageRelationshipCollection - Parsing relationship: /xl/worksheets/_rels/sheet1.xml.rels
11:59:38.335 [main] DEBUG org.apache.poi.openxml4j.opc.PackageRelationshipCollection - Parsing relationship: /_rels/.rels
11:59:38.759 [main] DEBUG org.apache.poi.openxml4j.opc.PackageRelationshipCollection - Parsing relationship: /xl/_rels/workbook.xml.rels
11:59:38.760 [main] DEBUG org.apache.poi.openxml4j.opc.PackageRelationshipCollection - Parsing relationship: /xl/worksheets/_rels/sheet1.xml.rels
11:59:38.761 [main] DEBUG org.apache.poi.openxml4j.opc.PackageRelationshipCollection - Parsing relationship: /_rels/.rels
11:59:38.784 [main] DEBUG org.apache.poi.openxml4j.opc.PackageRelationshipCollection - Parsing relationship: /xl/_rels/workbook.xml.rels
11:59:38.785 [main] DEBUG org.apache.poi.openxml4j.opc.PackageRelationshipCollection - Parsing relationship: /xl/worksheets/_rels/sheet1.xml.rels
11:59:38.786 [main] DEBUG org.apache.poi.openxml4j.opc.PackageRelationshipCollection - Parsing relationship: /_rels/.rels
11:59:38.812 [main] DEBUG org.apache.poi.openxml4j.opc.PackageRelationshipCollection - Parsing relationship: /xl/_rels/workbook.xml.rels
11:59:38.813 [main] DEBUG org.apache.poi.openxml4j.opc.PackageRelationshipCollection - Parsing relationship: /xl/worksheets/_rels/sheet1.xml.rels
11:59:38.814 [main] DEBUG org.apache.poi.openxml4j.opc.PackageRelationshipCollection - Parsing relationship: /_rels/.rels
11:59:38.832 [main] DEBUG org.apache.poi.openxml4j.opc.PackageRelationshipCollection - Parsing relationship: /xl/_rels/workbook.xml.rels
11:59:38.833 [main] DEBUG org.apache.poi.openxml4j.opc.PackageRelationshipCollection - Parsing relationship: /xl/worksheets/_rels/sheet1.xml.rels
11:59:38.833 [main] DEBUG org.apache.poi.openxml4j.opc.PackageRelationshipCollection - Parsing relationship: /_rels/.rels
11:59:38.853 [main] DEBUG org.apache.poi.openxml4j.opc.PackageRelationshipCollection - Parsing relationship: /xl/_rels/workbook.xml.rels
11:59:38.853 [main] DEBUG org.apache.poi.openxml4j.opc.PackageRelationshipCollection - Parsing relationship: /xl/worksheets/_rels/sheet1.xml.rels
11:59:38.854 [main] DEBUG org.apache.poi.openxml4j.opc.PackageRelationshipCollection - Parsing relationship: /_rels/.rels
11:59:38.871 [main] DEBUG org.apache.poi.openxml4j.opc.PackageRelationshipCollection - Parsing relationship: /xl/_rels/workbook.xml.rels
11:59:38.872 [main] DEBUG org.apache.poi.openxml4j.opc.PackageRelationshipCollection - Parsing relationship: /xl/worksheets/_rels/sheet1.xml.rels
11:59:38.872 [main] DEBUG org.apache.poi.openxml4j.opc.PackageRelationshipCollection - Parsing relationship: /_rels/.rels
11:59:38.901 [main] DEBUG org.apache.poi.openxml4j.opc.PackageRelationshipCollection - Parsing relationship: /xl/_rels/workbook.xml.rels
11:59:38.902 [main] DEBUG org.apache.poi.openxml4j.opc.PackageRelationshipCollection - Parsing relationship: /xl/worksheets/_rels/sheet1.xml.rels
11:59:38.902 [main] DEBUG org.apache.poi.openxml4j.opc.PackageRelationshipCollection - Parsing relationship: /_rels/.rels
11:59:38.926 [main] DEBUG org.apache.poi.openxml4j.opc.PackageRelationshipCollection - Parsing relationship: /xl/_rels/workbook.xml.rels
11:59:38.926 [main] DEBUG org.apache.poi.openxml4j.opc.PackageRelationshipCollection - Parsing relationship: /xl/worksheets/_rels/sheet1.xml.rels
11:59:38.928 [main] DEBUG org.apache.poi.openxml4j.opc.PackageRelationshipCollection - Parsing relationship: /_rels/.rels
11:59:38.946 [main] DEBUG org.apache.poi.openxml4j.opc.PackageRelationshipCollection - Parsing relationship: /xl/_rels/workbook.xml.rels
11:59:38.946 [main] DEBUG org.apache.poi.openxml4j.opc.PackageRelationshipCollection - Parsing relationship: /xl/worksheets/_rels/sheet1.xml.rels
11:59:38.947 [main] DEBUG org.apache.poi.openxml4j.opc.PackageRelationshipCollection - Parsing relationship: /_rels/.rels
11:59:38.961 [main] DEBUG org.apache.poi.openxml4j.opc.PackageRelationshipCollection - Parsing relationship: /xl/_rels/workbook.xml.rels
11:59:38.961 [main] DEBUG org.apache.poi.openxml4j.opc.PackageRelationshipCollection - Parsing relationship: /xl/worksheets/_rels/sheet1.xml.rels
11:59:38.962 [main] DEBUG org.apache.poi.openxml4j.opc.PackageRelationshipCollection - Parsing relationship: /_rels/.rels
11:59:38.980 [main] DEBUG org.apache.poi.openxml4j.opc.PackageRelationshipCollection - Parsing relationship: /xl/_rels/workbook.xml.rels
11:59:38.981 [main] DEBUG org.apache.poi.openxml4j.opc.PackageRelationshipCollection - Parsing relationship: /xl/worksheets/_rels/sheet1.xml.rels
11:59:38.981 [main] DEBUG org.apache.poi.openxml4j.opc.PackageRelationshipCollection - Parsing relationship: /_rels/.rels
11:59:38.997 [main] DEBUG org.apache.poi.openxml4j.opc.PackageRelationshipCollection - Parsing relationship: /xl/_rels/workbook.xml.rels
11:59:38.998 [main] DEBUG org.apache.poi.openxml4j.opc.PackageRelationshipCollection - Parsing relationship: /xl/worksheets/_rels/sheet1.xml.rels
11:59:38.998 [main] DEBUG org.apache.poi.openxml4j.opc.PackageRelationshipCollection - Parsing relationship: /_rels/.rels
11:59:39.015 [main] DEBUG org.apache.poi.openxml4j.opc.PackageRelationshipCollection - Parsing relationship: /xl/_rels/workbook.xml.rels
11:59:39.016 [main] DEBUG org.apache.poi.openxml4j.opc.PackageRelationshipCollection - Parsing relationship: /xl/worksheets/_rels/sheet1.xml.rels
11:59:39.017 [main] DEBUG org.apache.poi.openxml4j.opc.PackageRelationshipCollection - Parsing relationship: /_rels/.rels
11:59:39.042 [main] INFO  TestBase.BaseClass - ******** started Execution of HomePage **********
11:59:39.061 [main] ERROR TestBase.BaseClass - Login Test Got Failed
11:59:39.061 [main] DEBUG TestBase.BaseClass - Debug Logs..
11:59:39.062 [main] INFO  TestBase.BaseClass - ******** Finished TC003 LoginPage with Exception **********
11:59:39.081 [main] INFO  TestBase.BaseClass - ******** started Execution of HomePage **********
11:59:39.081 [main] ERROR TestBase.BaseClass - Login Test Got Failed
11:59:39.081 [main] DEBUG TestBase.BaseClass - Debug Logs..
11:59:39.081 [main] INFO  TestBase.BaseClass - ******** Finished TC003 LoginPage with Exception **********
11:59:39.085 [main] INFO  TestBase.BaseClass - ******** started Execution of HomePage **********
11:59:39.085 [main] ERROR TestBase.BaseClass - Login Test Got Failed
11:59:39.085 [main] DEBUG TestBase.BaseClass - Debug Logs..
11:59:39.085 [main] INFO  TestBase.BaseClass - ******** Finished TC003 LoginPage with Exception **********
11:59:39.088 [main] INFO  TestBase.BaseClass - ******** started Execution of HomePage **********
11:59:39.088 [main] ERROR TestBase.BaseClass - Login Test Got Failed
11:59:39.088 [main] DEBUG TestBase.BaseClass - Debug Logs..
11:59:39.089 [main] INFO  TestBase.BaseClass - ******** Finished TC003 LoginPage with Exception **********
12:02:22.904 [main] DEBUG org.apache.poi.openxml4j.opc.PackageRelationshipCollection - Parsing relationship: /xl/_rels/workbook.xml.rels
12:02:22.909 [main] DEBUG org.apache.poi.openxml4j.opc.PackageRelationshipCollection - Parsing relationship: /xl/worksheets/_rels/sheet1.xml.rels
12:02:22.910 [main] DEBUG org.apache.poi.openxml4j.opc.PackageRelationshipCollection - Parsing relationship: /_rels/.rels
12:02:23.357 [main] DEBUG org.apache.poi.openxml4j.opc.PackageRelationshipCollection - Parsing relationship: /xl/_rels/workbook.xml.rels
12:02:23.359 [main] DEBUG org.apache.poi.openxml4j.opc.PackageRelationshipCollection - Parsing relationship: /xl/worksheets/_rels/sheet1.xml.rels
12:02:23.359 [main] DEBUG org.apache.poi.openxml4j.opc.PackageRelationshipCollection - Parsing relationship: /_rels/.rels
12:02:23.383 [main] DEBUG org.apache.poi.openxml4j.opc.PackageRelationshipCollection - Parsing relationship: /xl/_rels/workbook.xml.rels
12:02:23.385 [main] DEBUG org.apache.poi.openxml4j.opc.PackageRelationshipCollection - Parsing relationship: /xl/worksheets/_rels/sheet1.xml.rels
12:02:23.385 [main] DEBUG org.apache.poi.openxml4j.opc.PackageRelationshipCollection - Parsing relationship: /_rels/.rels
12:02:23.420 [main] DEBUG org.apache.poi.openxml4j.opc.PackageRelationshipCollection - Parsing relationship: /xl/_rels/workbook.xml.rels
12:02:23.427 [main] DEBUG org.apache.poi.openxml4j.opc.PackageRelationshipCollection - Parsing relationship: /xl/worksheets/_rels/sheet1.xml.rels
12:02:23.428 [main] DEBUG org.apache.poi.openxml4j.opc.PackageRelationshipCollection - Parsing relationship: /_rels/.rels
12:02:23.457 [main] DEBUG org.apache.poi.openxml4j.opc.PackageRelationshipCollection - Parsing relationship: /xl/_rels/workbook.xml.rels
12:02:23.458 [main] DEBUG org.apache.poi.openxml4j.opc.PackageRelationshipCollection - Parsing relationship: /xl/worksheets/_rels/sheet1.xml.rels
12:02:23.459 [main] DEBUG org.apache.poi.openxml4j.opc.PackageRelationshipCollection - Parsing relationship: /_rels/.rels
12:02:23.486 [main] DEBUG org.apache.poi.openxml4j.opc.PackageRelationshipCollection - Parsing relationship: /xl/_rels/workbook.xml.rels
12:02:23.487 [main] DEBUG org.apache.poi.openxml4j.opc.PackageRelationshipCollection - Parsing relationship: /xl/worksheets/_rels/sheet1.xml.rels
12:02:23.488 [main] DEBUG org.apache.poi.openxml4j.opc.PackageRelationshipCollection - Parsing relationship: /_rels/.rels
12:02:23.518 [main] DEBUG org.apache.poi.openxml4j.opc.PackageRelationshipCollection - Parsing relationship: /xl/_rels/workbook.xml.rels
12:02:23.519 [main] DEBUG org.apache.poi.openxml4j.opc.PackageRelationshipCollection - Parsing relationship: /xl/worksheets/_rels/sheet1.xml.rels
12:02:23.520 [main] DEBUG org.apache.poi.openxml4j.opc.PackageRelationshipCollection - Parsing relationship: /_rels/.rels
12:02:23.546 [main] DEBUG org.apache.poi.openxml4j.opc.PackageRelationshipCollection - Parsing relationship: /xl/_rels/workbook.xml.rels
12:02:23.546 [main] DEBUG org.apache.poi.openxml4j.opc.PackageRelationshipCollection - Parsing relationship: /xl/worksheets/_rels/sheet1.xml.rels
12:02:23.548 [main] DEBUG org.apache.poi.openxml4j.opc.PackageRelationshipCollection - Parsing relationship: /_rels/.rels
12:02:23.570 [main] DEBUG org.apache.poi.openxml4j.opc.PackageRelationshipCollection - Parsing relationship: /xl/_rels/workbook.xml.rels
12:02:23.570 [main] DEBUG org.apache.poi.openxml4j.opc.PackageRelationshipCollection - Parsing relationship: /xl/worksheets/_rels/sheet1.xml.rels
12:02:23.572 [main] DEBUG org.apache.poi.openxml4j.opc.PackageRelationshipCollection - Parsing relationship: /_rels/.rels
12:02:23.599 [main] DEBUG org.apache.poi.openxml4j.opc.PackageRelationshipCollection - Parsing relationship: /xl/_rels/workbook.xml.rels
12:02:23.602 [main] DEBUG org.apache.poi.openxml4j.opc.PackageRelationshipCollection - Parsing relationship: /xl/worksheets/_rels/sheet1.xml.rels
12:02:23.603 [main] DEBUG org.apache.poi.openxml4j.opc.PackageRelationshipCollection - Parsing relationship: /_rels/.rels
12:02:23.627 [main] DEBUG org.apache.poi.openxml4j.opc.PackageRelationshipCollection - Parsing relationship: /xl/_rels/workbook.xml.rels
12:02:23.627 [main] DEBUG org.apache.poi.openxml4j.opc.PackageRelationshipCollection - Parsing relationship: /xl/worksheets/_rels/sheet1.xml.rels
12:02:23.628 [main] DEBUG org.apache.poi.openxml4j.opc.PackageRelationshipCollection - Parsing relationship: /_rels/.rels
12:02:23.645 [main] DEBUG org.apache.poi.openxml4j.opc.PackageRelationshipCollection - Parsing relationship: /xl/_rels/workbook.xml.rels
12:02:23.645 [main] DEBUG org.apache.poi.openxml4j.opc.PackageRelationshipCollection - Parsing relationship: /xl/worksheets/_rels/sheet1.xml.rels
12:02:23.646 [main] DEBUG org.apache.poi.openxml4j.opc.PackageRelationshipCollection - Parsing relationship: /_rels/.rels
12:02:23.661 [main] DEBUG org.apache.poi.openxml4j.opc.PackageRelationshipCollection - Parsing relationship: /xl/_rels/workbook.xml.rels
12:02:23.661 [main] DEBUG org.apache.poi.openxml4j.opc.PackageRelationshipCollection - Parsing relationship: /xl/worksheets/_rels/sheet1.xml.rels
12:02:23.662 [main] DEBUG org.apache.poi.openxml4j.opc.PackageRelationshipCollection - Parsing relationship: /_rels/.rels
12:02:23.680 [main] DEBUG org.apache.poi.openxml4j.opc.PackageRelationshipCollection - Parsing relationship: /xl/_rels/workbook.xml.rels
12:02:23.681 [main] DEBUG org.apache.poi.openxml4j.opc.PackageRelationshipCollection - Parsing relationship: /xl/worksheets/_rels/sheet1.xml.rels
12:02:23.682 [main] DEBUG org.apache.poi.openxml4j.opc.PackageRelationshipCollection - Parsing relationship: /_rels/.rels
12:02:23.709 [main] INFO  TestBase.BaseClass - ******** started Execution of HomePage **********
12:02:23.732 [main] ERROR TestBase.BaseClass - Login Test Got Failed
12:02:23.732 [main] DEBUG TestBase.BaseClass - Debug Logs..
12:02:23.733 [main] INFO  TestBase.BaseClass - ******** Finished TC003 LoginPage with Exception **********
12:02:23.751 [main] INFO  TestBase.BaseClass - ******** started Execution of HomePage **********
12:02:23.751 [main] ERROR TestBase.BaseClass - Login Test Got Failed
12:02:23.751 [main] DEBUG TestBase.BaseClass - Debug Logs..
12:02:23.751 [main] INFO  TestBase.BaseClass - ******** Finished TC003 LoginPage with Exception **********
12:02:23.755 [main] INFO  TestBase.BaseClass - ******** started Execution of HomePage **********
12:02:23.755 [main] ERROR TestBase.BaseClass - Login Test Got Failed
12:02:23.755 [main] DEBUG TestBase.BaseClass - Debug Logs..
12:02:23.755 [main] INFO  TestBase.BaseClass - ******** Finished TC003 LoginPage with Exception **********
12:02:23.757 [main] INFO  TestBase.BaseClass - ******** started Execution of HomePage **********
12:02:23.757 [main] ERROR TestBase.BaseClass - Login Test Got Failed
12:02:23.757 [main] DEBUG TestBase.BaseClass - Debug Logs..
12:02:23.758 [main] INFO  TestBase.BaseClass - ******** Finished TC003 LoginPage with Exception **********
12:11:19.307 [main] DEBUG org.apache.poi.openxml4j.opc.PackageRelationshipCollection - Parsing relationship: /xl/_rels/workbook.xml.rels
12:11:19.313 [main] DEBUG org.apache.poi.openxml4j.opc.PackageRelationshipCollection - Parsing relationship: /xl/worksheets/_rels/sheet1.xml.rels
12:11:19.314 [main] DEBUG org.apache.poi.openxml4j.opc.PackageRelationshipCollection - Parsing relationship: /_rels/.rels
12:11:19.726 [main] DEBUG org.apache.poi.openxml4j.opc.PackageRelationshipCollection - Parsing relationship: /xl/_rels/workbook.xml.rels
12:11:19.727 [main] DEBUG org.apache.poi.openxml4j.opc.PackageRelationshipCollection - Parsing relationship: /xl/worksheets/_rels/sheet1.xml.rels
12:11:19.728 [main] DEBUG org.apache.poi.openxml4j.opc.PackageRelationshipCollection - Parsing relationship: /_rels/.rels
12:11:19.749 [main] DEBUG org.apache.poi.openxml4j.opc.PackageRelationshipCollection - Parsing relationship: /xl/_rels/workbook.xml.rels
12:11:19.749 [main] DEBUG org.apache.poi.openxml4j.opc.PackageRelationshipCollection - Parsing relationship: /xl/worksheets/_rels/sheet1.xml.rels
12:11:19.750 [main] DEBUG org.apache.poi.openxml4j.opc.PackageRelationshipCollection - Parsing relationship: /_rels/.rels
12:11:19.776 [main] DEBUG org.apache.poi.openxml4j.opc.PackageRelationshipCollection - Parsing relationship: /xl/_rels/workbook.xml.rels
12:11:19.776 [main] DEBUG org.apache.poi.openxml4j.opc.PackageRelationshipCollection - Parsing relationship: /xl/worksheets/_rels/sheet1.xml.rels
12:11:19.777 [main] DEBUG org.apache.poi.openxml4j.opc.PackageRelationshipCollection - Parsing relationship: /_rels/.rels
12:11:19.796 [main] DEBUG org.apache.poi.openxml4j.opc.PackageRelationshipCollection - Parsing relationship: /xl/_rels/workbook.xml.rels
12:11:19.796 [main] DEBUG org.apache.poi.openxml4j.opc.PackageRelationshipCollection - Parsing relationship: /xl/worksheets/_rels/sheet1.xml.rels
12:11:19.798 [main] DEBUG org.apache.poi.openxml4j.opc.PackageRelationshipCollection - Parsing relationship: /_rels/.rels
12:11:19.817 [main] DEBUG org.apache.poi.openxml4j.opc.PackageRelationshipCollection - Parsing relationship: /xl/_rels/workbook.xml.rels
12:11:19.819 [main] DEBUG org.apache.poi.openxml4j.opc.PackageRelationshipCollection - Parsing relationship: /xl/worksheets/_rels/sheet1.xml.rels
12:11:19.819 [main] DEBUG org.apache.poi.openxml4j.opc.PackageRelationshipCollection - Parsing relationship: /_rels/.rels
12:11:19.841 [main] DEBUG org.apache.poi.openxml4j.opc.PackageRelationshipCollection - Parsing relationship: /xl/_rels/workbook.xml.rels
12:11:19.843 [main] DEBUG org.apache.poi.openxml4j.opc.PackageRelationshipCollection - Parsing relationship: /xl/worksheets/_rels/sheet1.xml.rels
12:11:19.844 [main] DEBUG org.apache.poi.openxml4j.opc.PackageRelationshipCollection - Parsing relationship: /_rels/.rels
12:11:19.871 [main] DEBUG org.apache.poi.openxml4j.opc.PackageRelationshipCollection - Parsing relationship: /xl/_rels/workbook.xml.rels
12:11:19.872 [main] DEBUG org.apache.poi.openxml4j.opc.PackageRelationshipCollection - Parsing relationship: /xl/worksheets/_rels/sheet1.xml.rels
12:11:19.873 [main] DEBUG org.apache.poi.openxml4j.opc.PackageRelationshipCollection - Parsing relationship: /_rels/.rels
12:11:19.894 [main] DEBUG org.apache.poi.openxml4j.opc.PackageRelationshipCollection - Parsing relationship: /xl/_rels/workbook.xml.rels
12:11:19.894 [main] DEBUG org.apache.poi.openxml4j.opc.PackageRelationshipCollection - Parsing relationship: /xl/worksheets/_rels/sheet1.xml.rels
12:11:19.895 [main] DEBUG org.apache.poi.openxml4j.opc.PackageRelationshipCollection - Parsing relationship: /_rels/.rels
12:11:19.920 [main] DEBUG org.apache.poi.openxml4j.opc.PackageRelationshipCollection - Parsing relationship: /xl/_rels/workbook.xml.rels
12:11:19.921 [main] DEBUG org.apache.poi.openxml4j.opc.PackageRelationshipCollection - Parsing relationship: /xl/worksheets/_rels/sheet1.xml.rels
12:11:19.921 [main] DEBUG org.apache.poi.openxml4j.opc.PackageRelationshipCollection - Parsing relationship: /_rels/.rels
12:11:19.943 [main] DEBUG org.apache.poi.openxml4j.opc.PackageRelationshipCollection - Parsing relationship: /xl/_rels/workbook.xml.rels
12:11:19.944 [main] DEBUG org.apache.poi.openxml4j.opc.PackageRelationshipCollection - Parsing relationship: /xl/worksheets/_rels/sheet1.xml.rels
12:11:19.945 [main] DEBUG org.apache.poi.openxml4j.opc.PackageRelationshipCollection - Parsing relationship: /_rels/.rels
12:11:19.964 [main] DEBUG org.apache.poi.openxml4j.opc.PackageRelationshipCollection - Parsing relationship: /xl/_rels/workbook.xml.rels
12:11:19.965 [main] DEBUG org.apache.poi.openxml4j.opc.PackageRelationshipCollection - Parsing relationship: /xl/worksheets/_rels/sheet1.xml.rels
12:11:19.965 [main] DEBUG org.apache.poi.openxml4j.opc.PackageRelationshipCollection - Parsing relationship: /_rels/.rels
12:11:19.984 [main] DEBUG org.apache.poi.openxml4j.opc.PackageRelationshipCollection - Parsing relationship: /xl/_rels/workbook.xml.rels
12:11:19.984 [main] DEBUG org.apache.poi.openxml4j.opc.PackageRelationshipCollection - Parsing relationship: /xl/worksheets/_rels/sheet1.xml.rels
12:11:19.984 [main] DEBUG org.apache.poi.openxml4j.opc.PackageRelationshipCollection - Parsing relationship: /_rels/.rels
12:11:20.001 [main] DEBUG org.apache.poi.openxml4j.opc.PackageRelationshipCollection - Parsing relationship: /xl/_rels/workbook.xml.rels
12:11:20.002 [main] DEBUG org.apache.poi.openxml4j.opc.PackageRelationshipCollection - Parsing relationship: /xl/worksheets/_rels/sheet1.xml.rels
12:11:20.003 [main] DEBUG org.apache.poi.openxml4j.opc.PackageRelationshipCollection - Parsing relationship: /_rels/.rels
12:11:20.029 [main] INFO  TestBase.BaseClass - ******** started Execution of HomePage **********
12:11:20.055 [main] ERROR TestBase.BaseClass - Login Test Got Failed
12:11:20.055 [main] DEBUG TestBase.BaseClass - Debug Logs..
12:11:20.055 [main] INFO  TestBase.BaseClass - ******** Finished TC003 LoginPage with Exception **********
12:11:20.073 [main] INFO  TestBase.BaseClass - ******** started Execution of HomePage **********
12:11:20.073 [main] ERROR TestBase.BaseClass - Login Test Got Failed
12:11:20.073 [main] DEBUG TestBase.BaseClass - Debug Logs..
12:11:20.073 [main] INFO  TestBase.BaseClass - ******** Finished TC003 LoginPage with Exception **********
12:11:20.078 [main] INFO  TestBase.BaseClass - ******** started Execution of HomePage **********
12:11:20.078 [main] ERROR TestBase.BaseClass - Login Test Got Failed
12:11:20.078 [main] DEBUG TestBase.BaseClass - Debug Logs..
12:11:20.078 [main] INFO  TestBase.BaseClass - ******** Finished TC003 LoginPage with Exception **********
12:11:20.081 [main] INFO  TestBase.BaseClass - ******** started Execution of HomePage **********
12:11:20.082 [main] ERROR TestBase.BaseClass - Login Test Got Failed
12:11:20.082 [main] DEBUG TestBase.BaseClass - Debug Logs..
12:11:20.082 [main] INFO  TestBase.BaseClass - ******** Finished TC003 LoginPage with Exception **********
12:14:38.599 [main] DEBUG org.apache.poi.openxml4j.opc.PackageRelationshipCollection - Parsing relationship: /xl/_rels/workbook.xml.rels
12:14:38.604 [main] DEBUG org.apache.poi.openxml4j.opc.PackageRelationshipCollection - Parsing relationship: /xl/worksheets/_rels/sheet1.xml.rels
12:14:38.605 [main] DEBUG org.apache.poi.openxml4j.opc.PackageRelationshipCollection - Parsing relationship: /_rels/.rels
12:14:39.001 [main] DEBUG org.apache.poi.openxml4j.opc.PackageRelationshipCollection - Parsing relationship: /xl/_rels/workbook.xml.rels
12:14:39.001 [main] DEBUG org.apache.poi.openxml4j.opc.PackageRelationshipCollection - Parsing relationship: /xl/worksheets/_rels/sheet1.xml.rels
12:14:39.002 [main] DEBUG org.apache.poi.openxml4j.opc.PackageRelationshipCollection - Parsing relationship: /_rels/.rels
12:14:39.024 [main] DEBUG org.apache.poi.openxml4j.opc.PackageRelationshipCollection - Parsing relationship: /xl/_rels/workbook.xml.rels
12:14:39.024 [main] DEBUG org.apache.poi.openxml4j.opc.PackageRelationshipCollection - Parsing relationship: /xl/worksheets/_rels/sheet1.xml.rels
12:14:39.025 [main] DEBUG org.apache.poi.openxml4j.opc.PackageRelationshipCollection - Parsing relationship: /_rels/.rels
12:14:39.051 [main] DEBUG org.apache.poi.openxml4j.opc.PackageRelationshipCollection - Parsing relationship: /xl/_rels/workbook.xml.rels
12:14:39.051 [main] DEBUG org.apache.poi.openxml4j.opc.PackageRelationshipCollection - Parsing relationship: /xl/worksheets/_rels/sheet1.xml.rels
12:14:39.053 [main] DEBUG org.apache.poi.openxml4j.opc.PackageRelationshipCollection - Parsing relationship: /_rels/.rels
12:14:39.076 [main] DEBUG org.apache.poi.openxml4j.opc.PackageRelationshipCollection - Parsing relationship: /xl/_rels/workbook.xml.rels
12:14:39.077 [main] DEBUG org.apache.poi.openxml4j.opc.PackageRelationshipCollection - Parsing relationship: /xl/worksheets/_rels/sheet1.xml.rels
12:14:39.078 [main] DEBUG org.apache.poi.openxml4j.opc.PackageRelationshipCollection - Parsing relationship: /_rels/.rels
12:14:39.096 [main] DEBUG org.apache.poi.openxml4j.opc.PackageRelationshipCollection - Parsing relationship: /xl/_rels/workbook.xml.rels
12:14:39.097 [main] DEBUG org.apache.poi.openxml4j.opc.PackageRelationshipCollection - Parsing relationship: /xl/worksheets/_rels/sheet1.xml.rels
12:14:39.097 [main] DEBUG org.apache.poi.openxml4j.opc.PackageRelationshipCollection - Parsing relationship: /_rels/.rels
12:14:39.117 [main] DEBUG org.apache.poi.openxml4j.opc.PackageRelationshipCollection - Parsing relationship: /xl/_rels/workbook.xml.rels
12:14:39.117 [main] DEBUG org.apache.poi.openxml4j.opc.PackageRelationshipCollection - Parsing relationship: /xl/worksheets/_rels/sheet1.xml.rels
12:14:39.118 [main] DEBUG org.apache.poi.openxml4j.opc.PackageRelationshipCollection - Parsing relationship: /_rels/.rels
12:14:39.136 [main] DEBUG org.apache.poi.openxml4j.opc.PackageRelationshipCollection - Parsing relationship: /xl/_rels/workbook.xml.rels
12:14:39.136 [main] DEBUG org.apache.poi.openxml4j.opc.PackageRelationshipCollection - Parsing relationship: /xl/worksheets/_rels/sheet1.xml.rels
12:14:39.137 [main] DEBUG org.apache.poi.openxml4j.opc.PackageRelationshipCollection - Parsing relationship: /_rels/.rels
12:14:39.153 [main] DEBUG org.apache.poi.openxml4j.opc.PackageRelationshipCollection - Parsing relationship: /xl/_rels/workbook.xml.rels
12:14:39.154 [main] DEBUG org.apache.poi.openxml4j.opc.PackageRelationshipCollection - Parsing relationship: /xl/worksheets/_rels/sheet1.xml.rels
12:14:39.154 [main] DEBUG org.apache.poi.openxml4j.opc.PackageRelationshipCollection - Parsing relationship: /_rels/.rels
12:14:39.170 [main] DEBUG org.apache.poi.openxml4j.opc.PackageRelationshipCollection - Parsing relationship: /xl/_rels/workbook.xml.rels
12:14:39.170 [main] DEBUG org.apache.poi.openxml4j.opc.PackageRelationshipCollection - Parsing relationship: /xl/worksheets/_rels/sheet1.xml.rels
12:14:39.171 [main] DEBUG org.apache.poi.openxml4j.opc.PackageRelationshipCollection - Parsing relationship: /_rels/.rels
12:14:39.189 [main] DEBUG org.apache.poi.openxml4j.opc.PackageRelationshipCollection - Parsing relationship: /xl/_rels/workbook.xml.rels
12:14:39.190 [main] DEBUG org.apache.poi.openxml4j.opc.PackageRelationshipCollection - Parsing relationship: /xl/worksheets/_rels/sheet1.xml.rels
12:14:39.190 [main] DEBUG org.apache.poi.openxml4j.opc.PackageRelationshipCollection - Parsing relationship: /_rels/.rels
12:14:39.206 [main] DEBUG org.apache.poi.openxml4j.opc.PackageRelationshipCollection - Parsing relationship: /xl/_rels/workbook.xml.rels
12:14:39.206 [main] DEBUG org.apache.poi.openxml4j.opc.PackageRelationshipCollection - Parsing relationship: /xl/worksheets/_rels/sheet1.xml.rels
12:14:39.207 [main] DEBUG org.apache.poi.openxml4j.opc.PackageRelationshipCollection - Parsing relationship: /_rels/.rels
12:14:39.221 [main] DEBUG org.apache.poi.openxml4j.opc.PackageRelationshipCollection - Parsing relationship: /xl/_rels/workbook.xml.rels
12:14:39.222 [main] DEBUG org.apache.poi.openxml4j.opc.PackageRelationshipCollection - Parsing relationship: /xl/worksheets/_rels/sheet1.xml.rels
12:14:39.222 [main] DEBUG org.apache.poi.openxml4j.opc.PackageRelationshipCollection - Parsing relationship: /_rels/.rels
12:14:39.236 [main] DEBUG org.apache.poi.openxml4j.opc.PackageRelationshipCollection - Parsing relationship: /xl/_rels/workbook.xml.rels
12:14:39.236 [main] DEBUG org.apache.poi.openxml4j.opc.PackageRelationshipCollection - Parsing relationship: /xl/worksheets/_rels/sheet1.xml.rels
12:14:39.236 [main] DEBUG org.apache.poi.openxml4j.opc.PackageRelationshipCollection - Parsing relationship: /_rels/.rels
12:14:39.262 [main] INFO  TestBase.BaseClass - ******** started Execution of HomePage **********
12:14:39.283 [main] ERROR TestBase.BaseClass - Login Test Got Failed
12:14:39.283 [main] DEBUG TestBase.BaseClass - Debug Logs..
12:14:39.284 [main] INFO  TestBase.BaseClass - ******** Finished TC003 LoginPage with Exception **********
12:14:39.300 [main] INFO  TestBase.BaseClass - ******** started Execution of HomePage **********
12:14:39.301 [main] ERROR TestBase.BaseClass - Login Test Got Failed
12:14:39.301 [main] DEBUG TestBase.BaseClass - Debug Logs..
12:14:39.301 [main] INFO  TestBase.BaseClass - ******** Finished TC003 LoginPage with Exception **********
12:14:39.305 [main] INFO  TestBase.BaseClass - ******** started Execution of HomePage **********
12:14:39.305 [main] ERROR TestBase.BaseClass - Login Test Got Failed
12:14:39.305 [main] DEBUG TestBase.BaseClass - Debug Logs..
12:14:39.305 [main] INFO  TestBase.BaseClass - ******** Finished TC003 LoginPage with Exception **********
12:14:39.307 [main] INFO  TestBase.BaseClass - ******** started Execution of HomePage **********
12:14:39.307 [main] ERROR TestBase.BaseClass - Login Test Got Failed
12:14:39.308 [main] DEBUG TestBase.BaseClass - Debug Logs..
12:14:39.308 [main] INFO  TestBase.BaseClass - ******** Finished TC003 LoginPage with Exception **********
12:15:02.681 [main] DEBUG org.apache.poi.openxml4j.opc.PackageRelationshipCollection - Parsing relationship: /xl/_rels/workbook.xml.rels
12:15:02.686 [main] DEBUG org.apache.poi.openxml4j.opc.PackageRelationshipCollection - Parsing relationship: /xl/worksheets/_rels/sheet1.xml.rels
12:15:02.688 [main] DEBUG org.apache.poi.openxml4j.opc.PackageRelationshipCollection - Parsing relationship: /_rels/.rels
12:15:03.044 [main] DEBUG org.apache.poi.openxml4j.opc.PackageRelationshipCollection - Parsing relationship: /xl/_rels/workbook.xml.rels
12:15:03.044 [main] DEBUG org.apache.poi.openxml4j.opc.PackageRelationshipCollection - Parsing relationship: /xl/worksheets/_rels/sheet1.xml.rels
12:15:03.045 [main] DEBUG org.apache.poi.openxml4j.opc.PackageRelationshipCollection - Parsing relationship: /_rels/.rels
12:15:03.068 [main] DEBUG org.apache.poi.openxml4j.opc.PackageRelationshipCollection - Parsing relationship: /xl/_rels/workbook.xml.rels
12:15:03.069 [main] DEBUG org.apache.poi.openxml4j.opc.PackageRelationshipCollection - Parsing relationship: /xl/worksheets/_rels/sheet1.xml.rels
12:15:03.069 [main] DEBUG org.apache.poi.openxml4j.opc.PackageRelationshipCollection - Parsing relationship: /_rels/.rels
12:15:03.094 [main] DEBUG org.apache.poi.openxml4j.opc.PackageRelationshipCollection - Parsing relationship: /xl/_rels/workbook.xml.rels
12:15:03.095 [main] DEBUG org.apache.poi.openxml4j.opc.PackageRelationshipCollection - Parsing relationship: /xl/worksheets/_rels/sheet1.xml.rels
12:15:03.095 [main] DEBUG org.apache.poi.openxml4j.opc.PackageRelationshipCollection - Parsing relationship: /_rels/.rels
12:15:03.114 [main] DEBUG org.apache.poi.openxml4j.opc.PackageRelationshipCollection - Parsing relationship: /xl/_rels/workbook.xml.rels
12:15:03.114 [main] DEBUG org.apache.poi.openxml4j.opc.PackageRelationshipCollection - Parsing relationship: /xl/worksheets/_rels/sheet1.xml.rels
12:15:03.116 [main] DEBUG org.apache.poi.openxml4j.opc.PackageRelationshipCollection - Parsing relationship: /_rels/.rels
12:15:03.134 [main] DEBUG org.apache.poi.openxml4j.opc.PackageRelationshipCollection - Parsing relationship: /xl/_rels/workbook.xml.rels
12:15:03.135 [main] DEBUG org.apache.poi.openxml4j.opc.PackageRelationshipCollection - Parsing relationship: /xl/worksheets/_rels/sheet1.xml.rels
12:15:03.135 [main] DEBUG org.apache.poi.openxml4j.opc.PackageRelationshipCollection - Parsing relationship: /_rels/.rels
12:15:03.152 [main] DEBUG org.apache.poi.openxml4j.opc.PackageRelationshipCollection - Parsing relationship: /xl/_rels/workbook.xml.rels
12:15:03.153 [main] DEBUG org.apache.poi.openxml4j.opc.PackageRelationshipCollection - Parsing relationship: /xl/worksheets/_rels/sheet1.xml.rels
12:15:03.153 [main] DEBUG org.apache.poi.openxml4j.opc.PackageRelationshipCollection - Parsing relationship: /_rels/.rels
12:15:03.171 [main] DEBUG org.apache.poi.openxml4j.opc.PackageRelationshipCollection - Parsing relationship: /xl/_rels/workbook.xml.rels
12:15:03.172 [main] DEBUG org.apache.poi.openxml4j.opc.PackageRelationshipCollection - Parsing relationship: /xl/worksheets/_rels/sheet1.xml.rels
12:15:03.172 [main] DEBUG org.apache.poi.openxml4j.opc.PackageRelationshipCollection - Parsing relationship: /_rels/.rels
12:15:03.190 [main] DEBUG org.apache.poi.openxml4j.opc.PackageRelationshipCollection - Parsing relationship: /xl/_rels/workbook.xml.rels
12:15:03.190 [main] DEBUG org.apache.poi.openxml4j.opc.PackageRelationshipCollection - Parsing relationship: /xl/worksheets/_rels/sheet1.xml.rels
12:15:03.191 [main] DEBUG org.apache.poi.openxml4j.opc.PackageRelationshipCollection - Parsing relationship: /_rels/.rels
12:15:03.214 [main] DEBUG org.apache.poi.openxml4j.opc.PackageRelationshipCollection - Parsing relationship: /xl/_rels/workbook.xml.rels
12:15:03.214 [main] DEBUG org.apache.poi.openxml4j.opc.PackageRelationshipCollection - Parsing relationship: /xl/worksheets/_rels/sheet1.xml.rels
12:15:03.215 [main] DEBUG org.apache.poi.openxml4j.opc.PackageRelationshipCollection - Parsing relationship: /_rels/.rels
12:15:03.230 [main] DEBUG org.apache.poi.openxml4j.opc.PackageRelationshipCollection - Parsing relationship: /xl/_rels/workbook.xml.rels
12:15:03.230 [main] DEBUG org.apache.poi.openxml4j.opc.PackageRelationshipCollection - Parsing relationship: /xl/worksheets/_rels/sheet1.xml.rels
12:15:03.231 [main] DEBUG org.apache.poi.openxml4j.opc.PackageRelationshipCollection - Parsing relationship: /_rels/.rels
12:15:03.245 [main] DEBUG org.apache.poi.openxml4j.opc.PackageRelationshipCollection - Parsing relationship: /xl/_rels/workbook.xml.rels
12:15:03.246 [main] DEBUG org.apache.poi.openxml4j.opc.PackageRelationshipCollection - Parsing relationship: /xl/worksheets/_rels/sheet1.xml.rels
12:15:03.246 [main] DEBUG org.apache.poi.openxml4j.opc.PackageRelationshipCollection - Parsing relationship: /_rels/.rels
12:15:03.260 [main] DEBUG org.apache.poi.openxml4j.opc.PackageRelationshipCollection - Parsing relationship: /xl/_rels/workbook.xml.rels
12:15:03.261 [main] DEBUG org.apache.poi.openxml4j.opc.PackageRelationshipCollection - Parsing relationship: /xl/worksheets/_rels/sheet1.xml.rels
12:15:03.261 [main] DEBUG org.apache.poi.openxml4j.opc.PackageRelationshipCollection - Parsing relationship: /_rels/.rels
12:15:03.281 [main] DEBUG org.apache.poi.openxml4j.opc.PackageRelationshipCollection - Parsing relationship: /xl/_rels/workbook.xml.rels
12:15:03.281 [main] DEBUG org.apache.poi.openxml4j.opc.PackageRelationshipCollection - Parsing relationship: /xl/worksheets/_rels/sheet1.xml.rels
12:15:03.282 [main] DEBUG org.apache.poi.openxml4j.opc.PackageRelationshipCollection - Parsing relationship: /_rels/.rels
12:15:03.305 [main] INFO  TestBase.BaseClass - ******** started Execution of HomePage **********
12:15:03.323 [main] ERROR TestBase.BaseClass - Login Test Got Failed
12:15:03.324 [main] DEBUG TestBase.BaseClass - Debug Logs..
12:15:03.324 [main] INFO  TestBase.BaseClass - ******** Finished TC003 LoginPage with Exception **********
12:15:03.346 [main] INFO  TestBase.BaseClass - ******** started Execution of HomePage **********
12:15:03.347 [main] ERROR TestBase.BaseClass - Login Test Got Failed
12:15:03.347 [main] DEBUG TestBase.BaseClass - Debug Logs..
12:15:03.347 [main] INFO  TestBase.BaseClass - ******** Finished TC003 LoginPage with Exception **********
12:15:03.351 [main] INFO  TestBase.BaseClass - ******** started Execution of HomePage **********
12:15:03.351 [main] ERROR TestBase.BaseClass - Login Test Got Failed
12:15:03.351 [main] DEBUG TestBase.BaseClass - Debug Logs..
12:15:03.351 [main] INFO  TestBase.BaseClass - ******** Finished TC003 LoginPage with Exception **********
12:15:03.354 [main] INFO  TestBase.BaseClass - ******** started Execution of HomePage **********
12:15:03.355 [main] ERROR TestBase.BaseClass - Login Test Got Failed
12:15:03.355 [main] DEBUG TestBase.BaseClass - Debug Logs..
12:15:03.355 [main] INFO  TestBase.BaseClass - ******** Finished TC003 LoginPage with Exception **********
12:45:06.962 [main] DEBUG org.apache.poi.openxml4j.opc.PackageRelationshipCollection - Parsing relationship: /xl/_rels/workbook.xml.rels
12:45:06.971 [main] DEBUG org.apache.poi.openxml4j.opc.PackageRelationshipCollection - Parsing relationship: /xl/worksheets/_rels/sheet1.xml.rels
12:45:06.973 [main] DEBUG org.apache.poi.openxml4j.opc.PackageRelationshipCollection - Parsing relationship: /_rels/.rels
12:45:07.821 [main] DEBUG org.apache.poi.openxml4j.opc.PackageRelationshipCollection - Parsing relationship: /xl/_rels/workbook.xml.rels
12:45:07.823 [main] DEBUG org.apache.poi.openxml4j.opc.PackageRelationshipCollection - Parsing relationship: /xl/worksheets/_rels/sheet1.xml.rels
12:45:07.825 [main] DEBUG org.apache.poi.openxml4j.opc.PackageRelationshipCollection - Parsing relationship: /_rels/.rels
12:45:07.876 [main] DEBUG org.apache.poi.openxml4j.opc.PackageRelationshipCollection - Parsing relationship: /xl/_rels/workbook.xml.rels
12:45:07.878 [main] DEBUG org.apache.poi.openxml4j.opc.PackageRelationshipCollection - Parsing relationship: /xl/worksheets/_rels/sheet1.xml.rels
12:45:07.879 [main] DEBUG org.apache.poi.openxml4j.opc.PackageRelationshipCollection - Parsing relationship: /_rels/.rels
12:45:07.934 [main] DEBUG org.apache.poi.openxml4j.opc.PackageRelationshipCollection - Parsing relationship: /xl/_rels/workbook.xml.rels
12:45:07.936 [main] DEBUG org.apache.poi.openxml4j.opc.PackageRelationshipCollection - Parsing relationship: /xl/worksheets/_rels/sheet1.xml.rels
12:45:07.938 [main] DEBUG org.apache.poi.openxml4j.opc.PackageRelationshipCollection - Parsing relationship: /_rels/.rels
12:45:07.985 [main] DEBUG org.apache.poi.openxml4j.opc.PackageRelationshipCollection - Parsing relationship: /xl/_rels/workbook.xml.rels
12:45:07.988 [main] DEBUG org.apache.poi.openxml4j.opc.PackageRelationshipCollection - Parsing relationship: /xl/worksheets/_rels/sheet1.xml.rels
12:45:07.989 [main] DEBUG org.apache.poi.openxml4j.opc.PackageRelationshipCollection - Parsing relationship: /_rels/.rels
12:45:08.028 [main] DEBUG org.apache.poi.openxml4j.opc.PackageRelationshipCollection - Parsing relationship: /xl/_rels/workbook.xml.rels
12:45:08.030 [main] DEBUG org.apache.poi.openxml4j.opc.PackageRelationshipCollection - Parsing relationship: /xl/worksheets/_rels/sheet1.xml.rels
12:45:08.030 [main] DEBUG org.apache.poi.openxml4j.opc.PackageRelationshipCollection - Parsing relationship: /_rels/.rels
12:45:08.072 [main] DEBUG org.apache.poi.openxml4j.opc.PackageRelationshipCollection - Parsing relationship: /xl/_rels/workbook.xml.rels
12:45:08.073 [main] DEBUG org.apache.poi.openxml4j.opc.PackageRelationshipCollection - Parsing relationship: /xl/worksheets/_rels/sheet1.xml.rels
12:45:08.075 [main] DEBUG org.apache.poi.openxml4j.opc.PackageRelationshipCollection - Parsing relationship: /_rels/.rels
12:45:08.127 [main] DEBUG org.apache.poi.openxml4j.opc.PackageRelationshipCollection - Parsing relationship: /xl/_rels/workbook.xml.rels
12:45:08.128 [main] DEBUG org.apache.poi.openxml4j.opc.PackageRelationshipCollection - Parsing relationship: /xl/worksheets/_rels/sheet1.xml.rels
12:45:08.129 [main] DEBUG org.apache.poi.openxml4j.opc.PackageRelationshipCollection - Parsing relationship: /_rels/.rels
12:45:08.173 [main] DEBUG org.apache.poi.openxml4j.opc.PackageRelationshipCollection - Parsing relationship: /xl/_rels/workbook.xml.rels
12:45:08.174 [main] DEBUG org.apache.poi.openxml4j.opc.PackageRelationshipCollection - Parsing relationship: /xl/worksheets/_rels/sheet1.xml.rels
12:45:08.175 [main] DEBUG org.apache.poi.openxml4j.opc.PackageRelationshipCollection - Parsing relationship: /_rels/.rels
12:45:08.212 [main] DEBUG org.apache.poi.openxml4j.opc.PackageRelationshipCollection - Parsing relationship: /xl/_rels/workbook.xml.rels
12:45:08.214 [main] DEBUG org.apache.poi.openxml4j.opc.PackageRelationshipCollection - Parsing relationship: /xl/worksheets/_rels/sheet1.xml.rels
12:45:08.215 [main] DEBUG org.apache.poi.openxml4j.opc.PackageRelationshipCollection - Parsing relationship: /_rels/.rels
12:45:08.242 [main] DEBUG org.apache.poi.openxml4j.opc.PackageRelationshipCollection - Parsing relationship: /xl/_rels/workbook.xml.rels
12:45:08.243 [main] DEBUG org.apache.poi.openxml4j.opc.PackageRelationshipCollection - Parsing relationship: /xl/worksheets/_rels/sheet1.xml.rels
12:45:08.245 [main] DEBUG org.apache.poi.openxml4j.opc.PackageRelationshipCollection - Parsing relationship: /_rels/.rels
12:45:08.277 [main] DEBUG org.apache.poi.openxml4j.opc.PackageRelationshipCollection - Parsing relationship: /xl/_rels/workbook.xml.rels
12:45:08.277 [main] DEBUG org.apache.poi.openxml4j.opc.PackageRelationshipCollection - Parsing relationship: /xl/worksheets/_rels/sheet1.xml.rels
12:45:08.278 [main] DEBUG org.apache.poi.openxml4j.opc.PackageRelationshipCollection - Parsing relationship: /_rels/.rels
12:45:08.307 [main] DEBUG org.apache.poi.openxml4j.opc.PackageRelationshipCollection - Parsing relationship: /xl/_rels/workbook.xml.rels
12:45:08.308 [main] DEBUG org.apache.poi.openxml4j.opc.PackageRelationshipCollection - Parsing relationship: /xl/worksheets/_rels/sheet1.xml.rels
12:45:08.310 [main] DEBUG org.apache.poi.openxml4j.opc.PackageRelationshipCollection - Parsing relationship: /_rels/.rels
12:45:08.334 [main] DEBUG org.apache.poi.openxml4j.opc.PackageRelationshipCollection - Parsing relationship: /xl/_rels/workbook.xml.rels
12:45:08.335 [main] DEBUG org.apache.poi.openxml4j.opc.PackageRelationshipCollection - Parsing relationship: /xl/worksheets/_rels/sheet1.xml.rels
12:45:08.336 [main] DEBUG org.apache.poi.openxml4j.opc.PackageRelationshipCollection - Parsing relationship: /_rels/.rels
12:45:08.377 [main] INFO  TestBase.BaseClass - ******** started Execution of HomePage **********
12:45:08.419 [main] ERROR TestBase.BaseClass - Login Test Got Failed
12:45:08.420 [main] DEBUG TestBase.BaseClass - Debug Logs..
12:45:08.421 [main] INFO  TestBase.BaseClass - ******** Finished TC003 LoginPage with Exception **********
12:45:08.458 [main] INFO  TestBase.BaseClass - ******** started Execution of HomePage **********
12:45:08.459 [main] ERROR TestBase.BaseClass - Login Test Got Failed
12:45:08.459 [main] DEBUG TestBase.BaseClass - Debug Logs..
12:45:08.460 [main] INFO  TestBase.BaseClass - ******** Finished TC003 LoginPage with Exception **********
12:45:08.466 [main] INFO  TestBase.BaseClass - ******** started Execution of HomePage **********
12:45:08.468 [main] ERROR TestBase.BaseClass - Login Test Got Failed
12:45:08.468 [main] DEBUG TestBase.BaseClass - Debug Logs..
12:45:08.469 [main] INFO  TestBase.BaseClass - ******** Finished TC003 LoginPage with Exception **********
12:45:08.475 [main] INFO  TestBase.BaseClass - ******** started Execution of HomePage **********
12:45:08.475 [main] ERROR TestBase.BaseClass - Login Test Got Failed
12:45:08.475 [main] DEBUG TestBase.BaseClass - Debug Logs..
12:45:08.476 [main] INFO  TestBase.BaseClass - ******** Finished TC003 LoginPage with Exception **********
12:50:52.020 [main] DEBUG org.apache.poi.openxml4j.opc.PackageRelationshipCollection - Parsing relationship: /xl/_rels/workbook.xml.rels
12:50:52.029 [main] DEBUG org.apache.poi.openxml4j.opc.PackageRelationshipCollection - Parsing relationship: /xl/worksheets/_rels/sheet1.xml.rels
12:50:52.031 [main] DEBUG org.apache.poi.openxml4j.opc.PackageRelationshipCollection - Parsing relationship: /_rels/.rels
12:50:52.920 [main] DEBUG org.apache.poi.openxml4j.opc.PackageRelationshipCollection - Parsing relationship: /xl/_rels/workbook.xml.rels
12:50:52.923 [main] DEBUG org.apache.poi.openxml4j.opc.PackageRelationshipCollection - Parsing relationship: /xl/worksheets/_rels/sheet1.xml.rels
12:50:52.926 [main] DEBUG org.apache.poi.openxml4j.opc.PackageRelationshipCollection - Parsing relationship: /_rels/.rels
12:50:52.996 [main] DEBUG org.apache.poi.openxml4j.opc.PackageRelationshipCollection - Parsing relationship: /xl/_rels/workbook.xml.rels
12:50:52.999 [main] DEBUG org.apache.poi.openxml4j.opc.PackageRelationshipCollection - Parsing relationship: /xl/worksheets/_rels/sheet1.xml.rels
12:50:53.000 [main] DEBUG org.apache.poi.openxml4j.opc.PackageRelationshipCollection - Parsing relationship: /_rels/.rels
12:50:53.083 [main] DEBUG org.apache.poi.openxml4j.opc.PackageRelationshipCollection - Parsing relationship: /xl/_rels/workbook.xml.rels
12:50:53.084 [main] DEBUG org.apache.poi.openxml4j.opc.PackageRelationshipCollection - Parsing relationship: /xl/worksheets/_rels/sheet1.xml.rels
12:50:53.086 [main] DEBUG org.apache.poi.openxml4j.opc.PackageRelationshipCollection - Parsing relationship: /_rels/.rels
12:50:53.147 [main] DEBUG org.apache.poi.openxml4j.opc.PackageRelationshipCollection - Parsing relationship: /xl/_rels/workbook.xml.rels
12:50:53.149 [main] DEBUG org.apache.poi.openxml4j.opc.PackageRelationshipCollection - Parsing relationship: /xl/worksheets/_rels/sheet1.xml.rels
12:50:53.151 [main] DEBUG org.apache.poi.openxml4j.opc.PackageRelationshipCollection - Parsing relationship: /_rels/.rels
12:50:53.207 [main] DEBUG org.apache.poi.openxml4j.opc.PackageRelationshipCollection - Parsing relationship: /xl/_rels/workbook.xml.rels
12:50:53.209 [main] DEBUG org.apache.poi.openxml4j.opc.PackageRelationshipCollection - Parsing relationship: /xl/worksheets/_rels/sheet1.xml.rels
12:50:53.211 [main] DEBUG org.apache.poi.openxml4j.opc.PackageRelationshipCollection - Parsing relationship: /_rels/.rels
12:50:53.270 [main] DEBUG org.apache.poi.openxml4j.opc.PackageRelationshipCollection - Parsing relationship: /xl/_rels/workbook.xml.rels
12:50:53.272 [main] DEBUG org.apache.poi.openxml4j.opc.PackageRelationshipCollection - Parsing relationship: /xl/worksheets/_rels/sheet1.xml.rels
12:50:53.274 [main] DEBUG org.apache.poi.openxml4j.opc.PackageRelationshipCollection - Parsing relationship: /_rels/.rels
12:50:53.339 [main] DEBUG org.apache.poi.openxml4j.opc.PackageRelationshipCollection - Parsing relationship: /xl/_rels/workbook.xml.rels
12:50:53.340 [main] DEBUG org.apache.poi.openxml4j.opc.PackageRelationshipCollection - Parsing relationship: /xl/worksheets/_rels/sheet1.xml.rels
12:50:53.342 [main] DEBUG org.apache.poi.openxml4j.opc.PackageRelationshipCollection - Parsing relationship: /_rels/.rels
12:50:53.394 [main] DEBUG org.apache.poi.openxml4j.opc.PackageRelationshipCollection - Parsing relationship: /xl/_rels/workbook.xml.rels
12:50:53.396 [main] DEBUG org.apache.poi.openxml4j.opc.PackageRelationshipCollection - Parsing relationship: /xl/worksheets/_rels/sheet1.xml.rels
12:50:53.397 [main] DEBUG org.apache.poi.openxml4j.opc.PackageRelationshipCollection - Parsing relationship: /_rels/.rels
12:50:53.452 [main] DEBUG org.apache.poi.openxml4j.opc.PackageRelationshipCollection - Parsing relationship: /xl/_rels/workbook.xml.rels
12:50:53.455 [main] DEBUG org.apache.poi.openxml4j.opc.PackageRelationshipCollection - Parsing relationship: /xl/worksheets/_rels/sheet1.xml.rels
12:50:53.457 [main] DEBUG org.apache.poi.openxml4j.opc.PackageRelationshipCollection - Parsing relationship: /_rels/.rels
12:50:53.503 [main] DEBUG org.apache.poi.openxml4j.opc.PackageRelationshipCollection - Parsing relationship: /xl/_rels/workbook.xml.rels
12:50:53.505 [main] DEBUG org.apache.poi.openxml4j.opc.PackageRelationshipCollection - Parsing relationship: /xl/worksheets/_rels/sheet1.xml.rels
12:50:53.506 [main] DEBUG org.apache.poi.openxml4j.opc.PackageRelationshipCollection - Parsing relationship: /_rels/.rels
12:50:53.557 [main] DEBUG org.apache.poi.openxml4j.opc.PackageRelationshipCollection - Parsing relationship: /xl/_rels/workbook.xml.rels
12:50:53.558 [main] DEBUG org.apache.poi.openxml4j.opc.PackageRelationshipCollection - Parsing relationship: /xl/worksheets/_rels/sheet1.xml.rels
12:50:53.559 [main] DEBUG org.apache.poi.openxml4j.opc.PackageRelationshipCollection - Parsing relationship: /_rels/.rels
12:50:53.600 [main] DEBUG org.apache.poi.openxml4j.opc.PackageRelationshipCollection - Parsing relationship: /xl/_rels/workbook.xml.rels
12:50:53.601 [main] DEBUG org.apache.poi.openxml4j.opc.PackageRelationshipCollection - Parsing relationship: /xl/worksheets/_rels/sheet1.xml.rels
12:50:53.602 [main] DEBUG org.apache.poi.openxml4j.opc.PackageRelationshipCollection - Parsing relationship: /_rels/.rels
12:50:53.648 [main] DEBUG org.apache.poi.openxml4j.opc.PackageRelationshipCollection - Parsing relationship: /xl/_rels/workbook.xml.rels
12:50:53.650 [main] DEBUG org.apache.poi.openxml4j.opc.PackageRelationshipCollection - Parsing relationship: /xl/worksheets/_rels/sheet1.xml.rels
12:50:53.651 [main] DEBUG org.apache.poi.openxml4j.opc.PackageRelationshipCollection - Parsing relationship: /_rels/.rels
12:50:53.717 [main] INFO  TestBase.BaseClass - ******** started Execution of HomePage **********
12:50:53.768 [main] ERROR TestBase.BaseClass - Login Test Got Failed
12:50:53.768 [main] DEBUG TestBase.BaseClass - Debug Logs..
12:50:53.769 [main] INFO  TestBase.BaseClass - ******** Finished TC003 LoginPage with Exception **********
12:50:53.820 [main] INFO  TestBase.BaseClass - ******** started Execution of HomePage **********
12:50:53.821 [main] ERROR TestBase.BaseClass - Login Test Got Failed
12:50:53.821 [main] DEBUG TestBase.BaseClass - Debug Logs..
12:50:53.822 [main] INFO  TestBase.BaseClass - ******** Finished TC003 LoginPage with Exception **********
12:50:53.832 [main] INFO  TestBase.BaseClass - ******** started Execution of HomePage **********
12:50:53.833 [main] ERROR TestBase.BaseClass - Login Test Got Failed
12:50:53.833 [main] DEBUG TestBase.BaseClass - Debug Logs..
12:50:53.833 [main] INFO  TestBase.BaseClass - ******** Finished TC003 LoginPage with Exception **********
12:50:53.840 [main] INFO  TestBase.BaseClass - ******** started Execution of HomePage **********
12:50:53.841 [main] ERROR TestBase.BaseClass - Login Test Got Failed
12:50:53.841 [main] DEBUG TestBase.BaseClass - Debug Logs..
12:50:53.841 [main] INFO  TestBase.BaseClass - ******** Finished TC003 LoginPage with Exception **********
13:03:43.036 [main] DEBUG org.apache.poi.openxml4j.opc.PackageRelationshipCollection - Parsing relationship: /xl/_rels/workbook.xml.rels
13:03:43.045 [main] DEBUG org.apache.poi.openxml4j.opc.PackageRelationshipCollection - Parsing relationship: /xl/worksheets/_rels/sheet1.xml.rels
13:03:43.047 [main] DEBUG org.apache.poi.openxml4j.opc.PackageRelationshipCollection - Parsing relationship: /_rels/.rels
13:03:44.086 [main] DEBUG org.apache.poi.openxml4j.opc.PackageRelationshipCollection - Parsing relationship: /xl/_rels/workbook.xml.rels
13:03:44.089 [main] DEBUG org.apache.poi.openxml4j.opc.PackageRelationshipCollection - Parsing relationship: /xl/worksheets/_rels/sheet1.xml.rels
13:03:44.090 [main] DEBUG org.apache.poi.openxml4j.opc.PackageRelationshipCollection - Parsing relationship: /_rels/.rels
13:03:44.166 [main] DEBUG org.apache.poi.openxml4j.opc.PackageRelationshipCollection - Parsing relationship: /xl/_rels/workbook.xml.rels
13:03:44.168 [main] DEBUG org.apache.poi.openxml4j.opc.PackageRelationshipCollection - Parsing relationship: /xl/worksheets/_rels/sheet1.xml.rels
13:03:44.171 [main] DEBUG org.apache.poi.openxml4j.opc.PackageRelationshipCollection - Parsing relationship: /_rels/.rels
13:03:44.242 [main] DEBUG org.apache.poi.openxml4j.opc.PackageRelationshipCollection - Parsing relationship: /xl/_rels/workbook.xml.rels
13:03:44.245 [main] DEBUG org.apache.poi.openxml4j.opc.PackageRelationshipCollection - Parsing relationship: /xl/worksheets/_rels/sheet1.xml.rels
13:03:44.247 [main] DEBUG org.apache.poi.openxml4j.opc.PackageRelationshipCollection - Parsing relationship: /_rels/.rels
13:03:44.307 [main] DEBUG org.apache.poi.openxml4j.opc.PackageRelationshipCollection - Parsing relationship: /xl/_rels/workbook.xml.rels
13:03:44.309 [main] DEBUG org.apache.poi.openxml4j.opc.PackageRelationshipCollection - Parsing relationship: /xl/worksheets/_rels/sheet1.xml.rels
13:03:44.311 [main] DEBUG org.apache.poi.openxml4j.opc.PackageRelationshipCollection - Parsing relationship: /_rels/.rels
13:03:44.360 [main] DEBUG org.apache.poi.openxml4j.opc.PackageRelationshipCollection - Parsing relationship: /xl/_rels/workbook.xml.rels
13:03:44.362 [main] DEBUG org.apache.poi.openxml4j.opc.PackageRelationshipCollection - Parsing relationship: /xl/worksheets/_rels/sheet1.xml.rels
13:03:44.364 [main] DEBUG org.apache.poi.openxml4j.opc.PackageRelationshipCollection - Parsing relationship: /_rels/.rels
13:03:44.410 [main] DEBUG org.apache.poi.openxml4j.opc.PackageRelationshipCollection - Parsing relationship: /xl/_rels/workbook.xml.rels
13:03:44.411 [main] DEBUG org.apache.poi.openxml4j.opc.PackageRelationshipCollection - Parsing relationship: /xl/worksheets/_rels/sheet1.xml.rels
13:03:44.413 [main] DEBUG org.apache.poi.openxml4j.opc.PackageRelationshipCollection - Parsing relationship: /_rels/.rels
13:03:44.464 [main] DEBUG org.apache.poi.openxml4j.opc.PackageRelationshipCollection - Parsing relationship: /xl/_rels/workbook.xml.rels
13:03:44.465 [main] DEBUG org.apache.poi.openxml4j.opc.PackageRelationshipCollection - Parsing relationship: /xl/worksheets/_rels/sheet1.xml.rels
13:03:44.467 [main] DEBUG org.apache.poi.openxml4j.opc.PackageRelationshipCollection - Parsing relationship: /_rels/.rels
13:03:44.522 [main] DEBUG org.apache.poi.openxml4j.opc.PackageRelationshipCollection - Parsing relationship: /xl/_rels/workbook.xml.rels
13:03:44.524 [main] DEBUG org.apache.poi.openxml4j.opc.PackageRelationshipCollection - Parsing relationship: /xl/worksheets/_rels/sheet1.xml.rels
13:03:44.526 [main] DEBUG org.apache.poi.openxml4j.opc.PackageRelationshipCollection - Parsing relationship: /_rels/.rels
13:03:44.591 [main] DEBUG org.apache.poi.openxml4j.opc.PackageRelationshipCollection - Parsing relationship: /xl/_rels/workbook.xml.rels
13:03:44.593 [main] DEBUG org.apache.poi.openxml4j.opc.PackageRelationshipCollection - Parsing relationship: /xl/worksheets/_rels/sheet1.xml.rels
13:03:44.594 [main] DEBUG org.apache.poi.openxml4j.opc.PackageRelationshipCollection - Parsing relationship: /_rels/.rels
13:03:44.656 [main] DEBUG org.apache.poi.openxml4j.opc.PackageRelationshipCollection - Parsing relationship: /xl/_rels/workbook.xml.rels
13:03:44.659 [main] DEBUG org.apache.poi.openxml4j.opc.PackageRelationshipCollection - Parsing relationship: /xl/worksheets/_rels/sheet1.xml.rels
13:03:44.662 [main] DEBUG org.apache.poi.openxml4j.opc.PackageRelationshipCollection - Parsing relationship: /_rels/.rels
13:03:44.737 [main] DEBUG org.apache.poi.openxml4j.opc.PackageRelationshipCollection - Parsing relationship: /xl/_rels/workbook.xml.rels
13:03:44.740 [main] DEBUG org.apache.poi.openxml4j.opc.PackageRelationshipCollection - Parsing relationship: /xl/worksheets/_rels/sheet1.xml.rels
13:03:44.741 [main] DEBUG org.apache.poi.openxml4j.opc.PackageRelationshipCollection - Parsing relationship: /_rels/.rels
13:03:44.790 [main] DEBUG org.apache.poi.openxml4j.opc.PackageRelationshipCollection - Parsing relationship: /xl/_rels/workbook.xml.rels
13:03:44.792 [main] DEBUG org.apache.poi.openxml4j.opc.PackageRelationshipCollection - Parsing relationship: /xl/worksheets/_rels/sheet1.xml.rels
13:03:44.794 [main] DEBUG org.apache.poi.openxml4j.opc.PackageRelationshipCollection - Parsing relationship: /_rels/.rels
13:03:44.828 [main] DEBUG org.apache.poi.openxml4j.opc.PackageRelationshipCollection - Parsing relationship: /xl/_rels/workbook.xml.rels
13:03:44.830 [main] DEBUG org.apache.poi.openxml4j.opc.PackageRelationshipCollection - Parsing relationship: /xl/worksheets/_rels/sheet1.xml.rels
13:03:44.831 [main] DEBUG org.apache.poi.openxml4j.opc.PackageRelationshipCollection - Parsing relationship: /_rels/.rels
13:08:51.064 [main] DEBUG org.apache.poi.openxml4j.opc.PackageRelationshipCollection - Parsing relationship: /xl/_rels/workbook.xml.rels
13:08:51.074 [main] DEBUG org.apache.poi.openxml4j.opc.PackageRelationshipCollection - Parsing relationship: /xl/worksheets/_rels/sheet1.xml.rels
13:08:51.076 [main] DEBUG org.apache.poi.openxml4j.opc.PackageRelationshipCollection - Parsing relationship: /_rels/.rels
13:08:51.897 [main] DEBUG org.apache.poi.openxml4j.opc.PackageRelationshipCollection - Parsing relationship: /xl/_rels/workbook.xml.rels
13:08:51.900 [main] DEBUG org.apache.poi.openxml4j.opc.PackageRelationshipCollection - Parsing relationship: /xl/worksheets/_rels/sheet1.xml.rels
13:08:51.901 [main] DEBUG org.apache.poi.openxml4j.opc.PackageRelationshipCollection - Parsing relationship: /_rels/.rels
13:08:51.961 [main] DEBUG org.apache.poi.openxml4j.opc.PackageRelationshipCollection - Parsing relationship: /xl/_rels/workbook.xml.rels
13:08:51.964 [main] DEBUG org.apache.poi.openxml4j.opc.PackageRelationshipCollection - Parsing relationship: /xl/worksheets/_rels/sheet1.xml.rels
13:08:51.965 [main] DEBUG org.apache.poi.openxml4j.opc.PackageRelationshipCollection - Parsing relationship: /_rels/.rels
13:08:52.026 [main] DEBUG org.apache.poi.openxml4j.opc.PackageRelationshipCollection - Parsing relationship: /xl/_rels/workbook.xml.rels
13:08:52.028 [main] DEBUG org.apache.poi.openxml4j.opc.PackageRelationshipCollection - Parsing relationship: /xl/worksheets/_rels/sheet1.xml.rels
13:08:52.030 [main] DEBUG org.apache.poi.openxml4j.opc.PackageRelationshipCollection - Parsing relationship: /_rels/.rels
13:08:52.082 [main] DEBUG org.apache.poi.openxml4j.opc.PackageRelationshipCollection - Parsing relationship: /xl/_rels/workbook.xml.rels
13:08:52.085 [main] DEBUG org.apache.poi.openxml4j.opc.PackageRelationshipCollection - Parsing relationship: /xl/worksheets/_rels/sheet1.xml.rels
13:08:52.086 [main] DEBUG org.apache.poi.openxml4j.opc.PackageRelationshipCollection - Parsing relationship: /_rels/.rels
13:08:52.124 [main] DEBUG org.apache.poi.openxml4j.opc.PackageRelationshipCollection - Parsing relationship: /xl/_rels/workbook.xml.rels
13:08:52.126 [main] DEBUG org.apache.poi.openxml4j.opc.PackageRelationshipCollection - Parsing relationship: /xl/worksheets/_rels/sheet1.xml.rels
13:08:52.128 [main] DEBUG org.apache.poi.openxml4j.opc.PackageRelationshipCollection - Parsing relationship: /_rels/.rels
13:08:52.173 [main] DEBUG org.apache.poi.openxml4j.opc.PackageRelationshipCollection - Parsing relationship: /xl/_rels/workbook.xml.rels
13:08:52.174 [main] DEBUG org.apache.poi.openxml4j.opc.PackageRelationshipCollection - Parsing relationship: /xl/worksheets/_rels/sheet1.xml.rels
13:08:52.176 [main] DEBUG org.apache.poi.openxml4j.opc.PackageRelationshipCollection - Parsing relationship: /_rels/.rels
13:08:52.219 [main] DEBUG org.apache.poi.openxml4j.opc.PackageRelationshipCollection - Parsing relationship: /xl/_rels/workbook.xml.rels
13:08:52.221 [main] DEBUG org.apache.poi.openxml4j.opc.PackageRelationshipCollection - Parsing relationship: /xl/worksheets/_rels/sheet1.xml.rels
13:08:52.222 [main] DEBUG org.apache.poi.openxml4j.opc.PackageRelationshipCollection - Parsing relationship: /_rels/.rels
13:08:52.269 [main] DEBUG org.apache.poi.openxml4j.opc.PackageRelationshipCollection - Parsing relationship: /xl/_rels/workbook.xml.rels
13:08:52.270 [main] DEBUG org.apache.poi.openxml4j.opc.PackageRelationshipCollection - Parsing relationship: /xl/worksheets/_rels/sheet1.xml.rels
13:08:52.270 [main] DEBUG org.apache.poi.openxml4j.opc.PackageRelationshipCollection - Parsing relationship: /_rels/.rels
13:08:52.312 [main] DEBUG org.apache.poi.openxml4j.opc.PackageRelationshipCollection - Parsing relationship: /xl/_rels/workbook.xml.rels
13:08:52.313 [main] DEBUG org.apache.poi.openxml4j.opc.PackageRelationshipCollection - Parsing relationship: /xl/worksheets/_rels/sheet1.xml.rels
13:08:52.315 [main] DEBUG org.apache.poi.openxml4j.opc.PackageRelationshipCollection - Parsing relationship: /_rels/.rels
13:08:52.356 [main] DEBUG org.apache.poi.openxml4j.opc.PackageRelationshipCollection - Parsing relationship: /xl/_rels/workbook.xml.rels
13:08:52.358 [main] DEBUG org.apache.poi.openxml4j.opc.PackageRelationshipCollection - Parsing relationship: /xl/worksheets/_rels/sheet1.xml.rels
13:08:52.359 [main] DEBUG org.apache.poi.openxml4j.opc.PackageRelationshipCollection - Parsing relationship: /_rels/.rels
13:08:52.402 [main] DEBUG org.apache.poi.openxml4j.opc.PackageRelationshipCollection - Parsing relationship: /xl/_rels/workbook.xml.rels
13:08:52.403 [main] DEBUG org.apache.poi.openxml4j.opc.PackageRelationshipCollection - Parsing relationship: /xl/worksheets/_rels/sheet1.xml.rels
13:08:52.405 [main] DEBUG org.apache.poi.openxml4j.opc.PackageRelationshipCollection - Parsing relationship: /_rels/.rels
13:08:52.448 [main] DEBUG org.apache.poi.openxml4j.opc.PackageRelationshipCollection - Parsing relationship: /xl/_rels/workbook.xml.rels
13:08:52.450 [main] DEBUG org.apache.poi.openxml4j.opc.PackageRelationshipCollection - Parsing relationship: /xl/worksheets/_rels/sheet1.xml.rels
13:08:52.452 [main] DEBUG org.apache.poi.openxml4j.opc.PackageRelationshipCollection - Parsing relationship: /_rels/.rels
13:08:52.501 [main] DEBUG org.apache.poi.openxml4j.opc.PackageRelationshipCollection - Parsing relationship: /xl/_rels/workbook.xml.rels
13:08:52.503 [main] DEBUG org.apache.poi.openxml4j.opc.PackageRelationshipCollection - Parsing relationship: /xl/worksheets/_rels/sheet1.xml.rels
13:08:52.505 [main] DEBUG org.apache.poi.openxml4j.opc.PackageRelationshipCollection - Parsing relationship: /_rels/.rels
13:08:52.558 [main] INFO  TestBase.BaseClass - ******** started Execution of HomePage **********
13:08:53.350 [main] INFO  TestBase.BaseClass - ******** Suucessfully Entered into Home Page **********
13:09:05.440 [main] ERROR TestBase.BaseClass - Login Test Got Failed
13:09:05.441 [main] DEBUG TestBase.BaseClass - Debug Logs..
13:09:05.443 [main] INFO  TestBase.BaseClass - ******** Finished TC003 LoginPage with Exception **********
13:09:05.713 [main] INFO  TestBase.BaseClass - ******** started Execution of HomePage **********
13:09:15.787 [main] ERROR TestBase.BaseClass - Login Test Got Failed
13:09:15.787 [main] DEBUG TestBase.BaseClass - Debug Logs..
13:09:15.788 [main] INFO  TestBase.BaseClass - ******** Finished TC003 LoginPage with Exception **********
13:09:15.977 [main] INFO  TestBase.BaseClass - ******** started Execution of HomePage **********
13:09:26.057 [main] ERROR TestBase.BaseClass - Login Test Got Failed
13:09:26.057 [main] DEBUG TestBase.BaseClass - Debug Logs..
13:09:26.058 [main] INFO  TestBase.BaseClass - ******** Finished TC003 LoginPage with Exception **********
13:09:26.304 [main] INFO  TestBase.BaseClass - ******** started Execution of HomePage **********
13:09:36.423 [main] ERROR TestBase.BaseClass - Login Test Got Failed
13:09:36.424 [main] DEBUG TestBase.BaseClass - Debug Logs..
13:09:36.424 [main] INFO  TestBase.BaseClass - ******** Finished TC003 LoginPage with Exception **********
13:11:13.398 [main] DEBUG org.apache.poi.openxml4j.opc.PackageRelationshipCollection - Parsing relationship: /xl/_rels/workbook.xml.rels
13:11:13.410 [main] DEBUG org.apache.poi.openxml4j.opc.PackageRelationshipCollection - Parsing relationship: /xl/worksheets/_rels/sheet1.xml.rels
13:11:13.414 [main] DEBUG org.apache.poi.openxml4j.opc.PackageRelationshipCollection - Parsing relationship: /_rels/.rels
13:11:14.343 [main] DEBUG org.apache.poi.openxml4j.opc.PackageRelationshipCollection - Parsing relationship: /xl/_rels/workbook.xml.rels
13:11:14.346 [main] DEBUG org.apache.poi.openxml4j.opc.PackageRelationshipCollection - Parsing relationship: /xl/worksheets/_rels/sheet1.xml.rels
13:11:14.348 [main] DEBUG org.apache.poi.openxml4j.opc.PackageRelationshipCollection - Parsing relationship: /_rels/.rels
13:11:14.418 [main] DEBUG org.apache.poi.openxml4j.opc.PackageRelationshipCollection - Parsing relationship: /xl/_rels/workbook.xml.rels
13:11:14.421 [main] DEBUG org.apache.poi.openxml4j.opc.PackageRelationshipCollection - Parsing relationship: /xl/worksheets/_rels/sheet1.xml.rels
13:11:14.423 [main] DEBUG org.apache.poi.openxml4j.opc.PackageRelationshipCollection - Parsing relationship: /_rels/.rels
13:11:14.498 [main] DEBUG org.apache.poi.openxml4j.opc.PackageRelationshipCollection - Parsing relationship: /xl/_rels/workbook.xml.rels
13:11:14.501 [main] DEBUG org.apache.poi.openxml4j.opc.PackageRelationshipCollection - Parsing relationship: /xl/worksheets/_rels/sheet1.xml.rels
13:11:14.503 [main] DEBUG org.apache.poi.openxml4j.opc.PackageRelationshipCollection - Parsing relationship: /_rels/.rels
13:11:14.557 [main] DEBUG org.apache.poi.openxml4j.opc.PackageRelationshipCollection - Parsing relationship: /xl/_rels/workbook.xml.rels
13:11:14.559 [main] DEBUG org.apache.poi.openxml4j.opc.PackageRelationshipCollection - Parsing relationship: /xl/worksheets/_rels/sheet1.xml.rels
13:11:14.561 [main] DEBUG org.apache.poi.openxml4j.opc.PackageRelationshipCollection - Parsing relationship: /_rels/.rels
13:11:14.618 [main] DEBUG org.apache.poi.openxml4j.opc.PackageRelationshipCollection - Parsing relationship: /xl/_rels/workbook.xml.rels
13:11:14.620 [main] DEBUG org.apache.poi.openxml4j.opc.PackageRelationshipCollection - Parsing relationship: /xl/worksheets/_rels/sheet1.xml.rels
13:11:14.622 [main] DEBUG org.apache.poi.openxml4j.opc.PackageRelationshipCollection - Parsing relationship: /_rels/.rels
13:11:14.674 [main] DEBUG org.apache.poi.openxml4j.opc.PackageRelationshipCollection - Parsing relationship: /xl/_rels/workbook.xml.rels
13:11:14.676 [main] DEBUG org.apache.poi.openxml4j.opc.PackageRelationshipCollection - Parsing relationship: /xl/worksheets/_rels/sheet1.xml.rels
13:11:14.678 [main] DEBUG org.apache.poi.openxml4j.opc.PackageRelationshipCollection - Parsing relationship: /_rels/.rels
13:11:14.737 [main] DEBUG org.apache.poi.openxml4j.opc.PackageRelationshipCollection - Parsing relationship: /xl/_rels/workbook.xml.rels
13:11:14.740 [main] DEBUG org.apache.poi.openxml4j.opc.PackageRelationshipCollection - Parsing relationship: /xl/worksheets/_rels/sheet1.xml.rels
13:11:14.741 [main] DEBUG org.apache.poi.openxml4j.opc.PackageRelationshipCollection - Parsing relationship: /_rels/.rels
13:11:14.790 [main] DEBUG org.apache.poi.openxml4j.opc.PackageRelationshipCollection - Parsing relationship: /xl/_rels/workbook.xml.rels
13:11:14.792 [main] DEBUG org.apache.poi.openxml4j.opc.PackageRelationshipCollection - Parsing relationship: /xl/worksheets/_rels/sheet1.xml.rels
13:11:14.794 [main] DEBUG org.apache.poi.openxml4j.opc.PackageRelationshipCollection - Parsing relationship: /_rels/.rels
13:11:14.844 [main] DEBUG org.apache.poi.openxml4j.opc.PackageRelationshipCollection - Parsing relationship: /xl/_rels/workbook.xml.rels
13:11:14.846 [main] DEBUG org.apache.poi.openxml4j.opc.PackageRelationshipCollection - Parsing relationship: /xl/worksheets/_rels/sheet1.xml.rels
13:11:14.848 [main] DEBUG org.apache.poi.openxml4j.opc.PackageRelationshipCollection - Parsing relationship: /_rels/.rels
13:11:14.905 [main] DEBUG org.apache.poi.openxml4j.opc.PackageRelationshipCollection - Parsing relationship: /xl/_rels/workbook.xml.rels
13:11:14.907 [main] DEBUG org.apache.poi.openxml4j.opc.PackageRelationshipCollection - Parsing relationship: /xl/worksheets/_rels/sheet1.xml.rels
13:11:14.909 [main] DEBUG org.apache.poi.openxml4j.opc.PackageRelationshipCollection - Parsing relationship: /_rels/.rels
13:11:14.959 [main] DEBUG org.apache.poi.openxml4j.opc.PackageRelationshipCollection - Parsing relationship: /xl/_rels/workbook.xml.rels
13:11:14.961 [main] DEBUG org.apache.poi.openxml4j.opc.PackageRelationshipCollection - Parsing relationship: /xl/worksheets/_rels/sheet1.xml.rels
13:11:14.965 [main] DEBUG org.apache.poi.openxml4j.opc.PackageRelationshipCollection - Parsing relationship: /_rels/.rels
13:11:15.031 [main] DEBUG org.apache.poi.openxml4j.opc.PackageRelationshipCollection - Parsing relationship: /xl/_rels/workbook.xml.rels
13:11:15.033 [main] DEBUG org.apache.poi.openxml4j.opc.PackageRelationshipCollection - Parsing relationship: /xl/worksheets/_rels/sheet1.xml.rels
13:11:15.034 [main] DEBUG org.apache.poi.openxml4j.opc.PackageRelationshipCollection - Parsing relationship: /_rels/.rels
13:11:15.087 [main] DEBUG org.apache.poi.openxml4j.opc.PackageRelationshipCollection - Parsing relationship: /xl/_rels/workbook.xml.rels
13:11:15.089 [main] DEBUG org.apache.poi.openxml4j.opc.PackageRelationshipCollection - Parsing relationship: /xl/worksheets/_rels/sheet1.xml.rels
13:11:15.091 [main] DEBUG org.apache.poi.openxml4j.opc.PackageRelationshipCollection - Parsing relationship: /_rels/.rels
13:11:15.167 [main] INFO  TestBase.BaseClass - ******** started Execution of HomePage **********
13:11:15.686 [main] INFO  TestBase.BaseClass - ******** Suucessfully Entered into Home Page **********
13:11:27.779 [main] ERROR TestBase.BaseClass - Login Test Got Failed
13:11:27.780 [main] DEBUG TestBase.BaseClass - Debug Logs..
13:11:27.782 [main] INFO  TestBase.BaseClass - ******** Finished TC003 LoginPage with Exception **********
13:11:28.005 [main] INFO  TestBase.BaseClass - ******** started Execution of HomePage **********
13:11:38.103 [main] ERROR TestBase.BaseClass - Login Test Got Failed
13:11:38.104 [main] DEBUG TestBase.BaseClass - Debug Logs..
13:11:38.105 [main] INFO  TestBase.BaseClass - ******** Finished TC003 LoginPage with Exception **********
13:11:38.337 [main] INFO  TestBase.BaseClass - ******** started Execution of HomePage **********
13:11:48.406 [main] ERROR TestBase.BaseClass - Login Test Got Failed
13:11:48.406 [main] DEBUG TestBase.BaseClass - Debug Logs..
13:11:48.407 [main] INFO  TestBase.BaseClass - ******** Finished TC003 LoginPage with Exception **********
13:11:48.622 [main] INFO  TestBase.BaseClass - ******** started Execution of HomePage **********
13:13:42.608 [main] DEBUG org.apache.poi.openxml4j.opc.PackageRelationshipCollection - Parsing relationship: /xl/_rels/workbook.xml.rels
13:13:42.619 [main] DEBUG org.apache.poi.openxml4j.opc.PackageRelationshipCollection - Parsing relationship: /xl/worksheets/_rels/sheet1.xml.rels
13:13:42.623 [main] DEBUG org.apache.poi.openxml4j.opc.PackageRelationshipCollection - Parsing relationship: /_rels/.rels
13:13:43.630 [main] DEBUG org.apache.poi.openxml4j.opc.PackageRelationshipCollection - Parsing relationship: /xl/_rels/workbook.xml.rels
13:13:43.633 [main] DEBUG org.apache.poi.openxml4j.opc.PackageRelationshipCollection - Parsing relationship: /xl/worksheets/_rels/sheet1.xml.rels
13:13:43.635 [main] DEBUG org.apache.poi.openxml4j.opc.PackageRelationshipCollection - Parsing relationship: /_rels/.rels
13:13:43.702 [main] DEBUG org.apache.poi.openxml4j.opc.PackageRelationshipCollection - Parsing relationship: /xl/_rels/workbook.xml.rels
13:13:43.704 [main] DEBUG org.apache.poi.openxml4j.opc.PackageRelationshipCollection - Parsing relationship: /xl/worksheets/_rels/sheet1.xml.rels
13:13:43.705 [main] DEBUG org.apache.poi.openxml4j.opc.PackageRelationshipCollection - Parsing relationship: /_rels/.rels
13:13:43.777 [main] DEBUG org.apache.poi.openxml4j.opc.PackageRelationshipCollection - Parsing relationship: /xl/_rels/workbook.xml.rels
13:13:43.779 [main] DEBUG org.apache.poi.openxml4j.opc.PackageRelationshipCollection - Parsing relationship: /xl/worksheets/_rels/sheet1.xml.rels
13:13:43.782 [main] DEBUG org.apache.poi.openxml4j.opc.PackageRelationshipCollection - Parsing relationship: /_rels/.rels
13:13:43.836 [main] DEBUG org.apache.poi.openxml4j.opc.PackageRelationshipCollection - Parsing relationship: /xl/_rels/workbook.xml.rels
13:13:43.838 [main] DEBUG org.apache.poi.openxml4j.opc.PackageRelationshipCollection - Parsing relationship: /xl/worksheets/_rels/sheet1.xml.rels
13:13:43.842 [main] DEBUG org.apache.poi.openxml4j.opc.PackageRelationshipCollection - Parsing relationship: /_rels/.rels
13:13:43.901 [main] DEBUG org.apache.poi.openxml4j.opc.PackageRelationshipCollection - Parsing relationship: /xl/_rels/workbook.xml.rels
13:13:43.902 [main] DEBUG org.apache.poi.openxml4j.opc.PackageRelationshipCollection - Parsing relationship: /xl/worksheets/_rels/sheet1.xml.rels
13:13:43.905 [main] DEBUG org.apache.poi.openxml4j.opc.PackageRelationshipCollection - Parsing relationship: /_rels/.rels
13:13:43.953 [main] DEBUG org.apache.poi.openxml4j.opc.PackageRelationshipCollection - Parsing relationship: /xl/_rels/workbook.xml.rels
13:13:43.954 [main] DEBUG org.apache.poi.openxml4j.opc.PackageRelationshipCollection - Parsing relationship: /xl/worksheets/_rels/sheet1.xml.rels
13:13:43.956 [main] DEBUG org.apache.poi.openxml4j.opc.PackageRelationshipCollection - Parsing relationship: /_rels/.rels
13:13:44.012 [main] DEBUG org.apache.poi.openxml4j.opc.PackageRelationshipCollection - Parsing relationship: /xl/_rels/workbook.xml.rels
13:13:44.016 [main] DEBUG org.apache.poi.openxml4j.opc.PackageRelationshipCollection - Parsing relationship: /xl/worksheets/_rels/sheet1.xml.rels
13:13:44.018 [main] DEBUG org.apache.poi.openxml4j.opc.PackageRelationshipCollection - Parsing relationship: /_rels/.rels
13:13:44.097 [main] DEBUG org.apache.poi.openxml4j.opc.PackageRelationshipCollection - Parsing relationship: /xl/_rels/workbook.xml.rels
13:13:44.102 [main] DEBUG org.apache.poi.openxml4j.opc.PackageRelationshipCollection - Parsing relationship: /xl/worksheets/_rels/sheet1.xml.rels
13:13:44.104 [main] DEBUG org.apache.poi.openxml4j.opc.PackageRelationshipCollection - Parsing relationship: /_rels/.rels
13:13:44.167 [main] DEBUG org.apache.poi.openxml4j.opc.PackageRelationshipCollection - Parsing relationship: /xl/_rels/workbook.xml.rels
13:13:44.169 [main] DEBUG org.apache.poi.openxml4j.opc.PackageRelationshipCollection - Parsing relationship: /xl/worksheets/_rels/sheet1.xml.rels
13:13:44.171 [main] DEBUG org.apache.poi.openxml4j.opc.PackageRelationshipCollection - Parsing relationship: /_rels/.rels
13:13:44.239 [main] DEBUG org.apache.poi.openxml4j.opc.PackageRelationshipCollection - Parsing relationship: /xl/_rels/workbook.xml.rels
13:13:44.241 [main] DEBUG org.apache.poi.openxml4j.opc.PackageRelationshipCollection - Parsing relationship: /xl/worksheets/_rels/sheet1.xml.rels
13:13:44.245 [main] DEBUG org.apache.poi.openxml4j.opc.PackageRelationshipCollection - Parsing relationship: /_rels/.rels
13:13:44.305 [main] DEBUG org.apache.poi.openxml4j.opc.PackageRelationshipCollection - Parsing relationship: /xl/_rels/workbook.xml.rels
13:13:44.307 [main] DEBUG org.apache.poi.openxml4j.opc.PackageRelationshipCollection - Parsing relationship: /xl/worksheets/_rels/sheet1.xml.rels
13:13:44.309 [main] DEBUG org.apache.poi.openxml4j.opc.PackageRelationshipCollection - Parsing relationship: /_rels/.rels
13:13:44.369 [main] DEBUG org.apache.poi.openxml4j.opc.PackageRelationshipCollection - Parsing relationship: /xl/_rels/workbook.xml.rels
13:13:44.371 [main] DEBUG org.apache.poi.openxml4j.opc.PackageRelationshipCollection - Parsing relationship: /xl/worksheets/_rels/sheet1.xml.rels
13:13:44.372 [main] DEBUG org.apache.poi.openxml4j.opc.PackageRelationshipCollection - Parsing relationship: /_rels/.rels
13:13:44.455 [main] DEBUG org.apache.poi.openxml4j.opc.PackageRelationshipCollection - Parsing relationship: /xl/_rels/workbook.xml.rels
13:13:44.457 [main] DEBUG org.apache.poi.openxml4j.opc.PackageRelationshipCollection - Parsing relationship: /xl/worksheets/_rels/sheet1.xml.rels
13:13:44.459 [main] DEBUG org.apache.poi.openxml4j.opc.PackageRelationshipCollection - Parsing relationship: /_rels/.rels
13:13:44.535 [main] INFO  TestBase.BaseClass - ******** started Execution of HomePage **********
13:13:44.928 [main] INFO  TestBase.BaseClass - ******** Suucessfully Entered into Home Page **********
13:13:47.654 [main] INFO  TestBase.BaseClass - ******** started Execution of Login Page **********
13:13:48.271 [main] INFO  TestBase.BaseClass - ******** started Execution of MyAccountPage **********
13:13:49.027 [main] DEBUG org.apache.poi.openxml4j.opc.PackageRelationshipCollection - Parsing relationship: /xl/_rels/workbook.xml.rels
13:13:49.028 [main] DEBUG org.apache.poi.openxml4j.opc.PackageRelationshipCollection - Parsing relationship: /xl/worksheets/_rels/sheet1.xml.rels
13:13:49.029 [main] DEBUG org.apache.poi.openxml4j.opc.PackageRelationshipCollection - Parsing relationship: /_rels/.rels
13:13:49.064 [main] DEBUG org.apache.poi.openxml4j.opc.PackageRelationshipCollection - Parsing relationship: /xl/_rels/workbook.xml.rels
13:13:49.065 [main] DEBUG org.apache.poi.openxml4j.opc.PackageRelationshipCollection - Parsing relationship: /xl/worksheets/_rels/sheet1.xml.rels
13:13:49.066 [main] DEBUG org.apache.poi.openxml4j.opc.PackageRelationshipCollection - Parsing relationship: /_rels/.rels
13:13:49.104 [main] DEBUG org.apache.poi.openxml4j.opc.PackageRelationshipCollection - Parsing relationship: /xl/_rels/workbook.xml.rels
13:13:49.105 [main] DEBUG org.apache.poi.openxml4j.opc.PackageRelationshipCollection - Parsing relationship: /xl/worksheets/_rels/sheet1.xml.rels
13:13:49.106 [main] DEBUG org.apache.poi.openxml4j.opc.PackageRelationshipCollection - Parsing relationship: /_rels/.rels
13:13:51.956 [main] DEBUG org.apache.poi.openxml4j.opc.PackageRelationshipCollection - Parsing relationship: /xl/_rels/workbook.xml.rels
13:13:51.958 [main] DEBUG org.apache.poi.openxml4j.opc.PackageRelationshipCollection - Parsing relationship: /xl/worksheets/_rels/sheet1.xml.rels
13:13:51.959 [main] DEBUG org.apache.poi.openxml4j.opc.PackageRelationshipCollection - Parsing relationship: /_rels/.rels
13:13:52.107 [main] DEBUG org.apache.poi.openxml4j.opc.ZipPackage - Save content types part
13:13:52.232 [main] DEBUG org.apache.poi.openxml4j.opc.ZipPackage - Save package relationships
13:13:52.240 [main] DEBUG org.apache.poi.openxml4j.opc.ZipPackage - Save part 'docProps/app.xml'
13:13:52.241 [main] DEBUG org.apache.poi.openxml4j.opc.ZipPackage - Save part 'docProps/core.xml'
13:13:52.247 [main] DEBUG org.apache.poi.openxml4j.opc.ZipPackage - Save part 'docProps/custom.xml'
13:13:52.248 [main] DEBUG org.apache.poi.openxml4j.opc.ZipPackage - Save part 'xl/sharedStrings.xml'
13:13:52.248 [main] DEBUG org.apache.poi.openxml4j.opc.ZipPackage - Save part 'xl/styles.xml'
13:13:52.249 [main] DEBUG org.apache.poi.openxml4j.opc.ZipPackage - Save part 'xl/theme/theme1.xml'
13:13:52.250 [main] DEBUG org.apache.poi.openxml4j.opc.ZipPackage - Save part 'xl/workbook.xml'
13:13:52.254 [main] DEBUG org.apache.poi.openxml4j.opc.ZipPackage - Save part 'xl/worksheets/sheet1.xml'
13:13:52.257 [main] DEBUG org.apache.poi.openxml4j.opc.ZipPackage - Save part 'xl/worksheets/sheet2.xml'
13:13:52.258 [main] DEBUG org.apache.poi.openxml4j.opc.ZipPackage - Save part 'xl/worksheets/sheet3.xml'
13:13:52.271 [main] DEBUG org.apache.poi.openxml4j.opc.PackageRelationshipCollection - Parsing relationship: /xl/_rels/workbook.xml.rels
13:13:52.272 [main] DEBUG org.apache.poi.openxml4j.opc.PackageRelationshipCollection - Parsing relationship: /xl/worksheets/_rels/sheet1.xml.rels
13:13:52.273 [main] DEBUG org.apache.poi.openxml4j.opc.PackageRelationshipCollection - Parsing relationship: /_rels/.rels
13:13:52.350 [main] DEBUG org.apache.poi.openxml4j.opc.ZipPackage - Save content types part
13:13:52.353 [main] DEBUG org.apache.poi.openxml4j.opc.ZipPackage - Save package relationships
13:13:52.356 [main] DEBUG org.apache.poi.openxml4j.opc.ZipPackage - Save part 'docProps/app.xml'
13:13:52.356 [main] DEBUG org.apache.poi.openxml4j.opc.ZipPackage - Save part 'docProps/core.xml'
13:13:52.359 [main] DEBUG org.apache.poi.openxml4j.opc.ZipPackage - Save part 'docProps/custom.xml'
13:13:52.359 [main] DEBUG org.apache.poi.openxml4j.opc.ZipPackage - Save part 'xl/sharedStrings.xml'
13:13:52.360 [main] DEBUG org.apache.poi.openxml4j.opc.ZipPackage - Save part 'xl/styles.xml'
13:13:52.361 [main] DEBUG org.apache.poi.openxml4j.opc.ZipPackage - Save part 'xl/theme/theme1.xml'
13:13:52.361 [main] DEBUG org.apache.poi.openxml4j.opc.ZipPackage - Save part 'xl/workbook.xml'
13:13:52.364 [main] DEBUG org.apache.poi.openxml4j.opc.ZipPackage - Save part 'xl/worksheets/sheet1.xml'
13:13:52.367 [main] DEBUG org.apache.poi.openxml4j.opc.ZipPackage - Save part 'xl/worksheets/sheet2.xml'
13:13:52.368 [main] DEBUG org.apache.poi.openxml4j.opc.ZipPackage - Save part 'xl/worksheets/sheet3.xml'
13:13:52.415 [main] INFO  TestBase.BaseClass - ******** started Execution of HomePage **********
13:13:52.546 [main] INFO  TestBase.BaseClass - ******** Suucessfully Entered into Home Page **********
13:13:55.472 [main] INFO  TestBase.BaseClass - ******** started Execution of Login Page **********
13:13:56.058 [main] INFO  TestBase.BaseClass - ******** started Execution of MyAccountPage **********
13:14:06.126 [main] DEBUG org.apache.poi.openxml4j.opc.PackageRelationshipCollection - Parsing relationship: /xl/_rels/workbook.xml.rels
13:14:06.128 [main] DEBUG org.apache.poi.openxml4j.opc.PackageRelationshipCollection - Parsing relationship: /xl/worksheets/_rels/sheet1.xml.rels
13:14:06.130 [main] DEBUG org.apache.poi.openxml4j.opc.PackageRelationshipCollection - Parsing relationship: /_rels/.rels
13:14:06.167 [main] DEBUG org.apache.poi.openxml4j.opc.PackageRelationshipCollection - Parsing relationship: /xl/_rels/workbook.xml.rels
13:14:06.169 [main] DEBUG org.apache.poi.openxml4j.opc.PackageRelationshipCollection - Parsing relationship: /xl/worksheets/_rels/sheet1.xml.rels
13:14:06.169 [main] DEBUG org.apache.poi.openxml4j.opc.PackageRelationshipCollection - Parsing relationship: /_rels/.rels
13:14:06.197 [main] DEBUG org.apache.poi.openxml4j.opc.PackageRelationshipCollection - Parsing relationship: /xl/_rels/workbook.xml.rels
13:14:06.197 [main] DEBUG org.apache.poi.openxml4j.opc.PackageRelationshipCollection - Parsing relationship: /xl/worksheets/_rels/sheet1.xml.rels
13:14:06.198 [main] DEBUG org.apache.poi.openxml4j.opc.PackageRelationshipCollection - Parsing relationship: /_rels/.rels
13:14:06.225 [main] DEBUG org.apache.poi.openxml4j.opc.PackageRelationshipCollection - Parsing relationship: /xl/_rels/workbook.xml.rels
13:14:06.225 [main] DEBUG org.apache.poi.openxml4j.opc.PackageRelationshipCollection - Parsing relationship: /xl/worksheets/_rels/sheet1.xml.rels
13:14:06.226 [main] DEBUG org.apache.poi.openxml4j.opc.PackageRelationshipCollection - Parsing relationship: /_rels/.rels
13:14:06.249 [main] DEBUG org.apache.poi.openxml4j.opc.PackageRelationshipCollection - Parsing relationship: /xl/_rels/workbook.xml.rels
13:14:06.250 [main] DEBUG org.apache.poi.openxml4j.opc.PackageRelationshipCollection - Parsing relationship: /xl/worksheets/_rels/sheet1.xml.rels
13:14:06.251 [main] DEBUG org.apache.poi.openxml4j.opc.PackageRelationshipCollection - Parsing relationship: /_rels/.rels
13:14:06.275 [main] DEBUG org.apache.poi.openxml4j.opc.PackageRelationshipCollection - Parsing relationship: /xl/_rels/workbook.xml.rels
13:14:06.276 [main] DEBUG org.apache.poi.openxml4j.opc.PackageRelationshipCollection - Parsing relationship: /xl/worksheets/_rels/sheet1.xml.rels
13:14:06.277 [main] DEBUG org.apache.poi.openxml4j.opc.PackageRelationshipCollection - Parsing relationship: /_rels/.rels
13:14:06.318 [main] DEBUG org.apache.poi.openxml4j.opc.ZipPackage - Save content types part
13:14:06.321 [main] DEBUG org.apache.poi.openxml4j.opc.ZipPackage - Save package relationships
13:14:06.322 [main] DEBUG org.apache.poi.openxml4j.opc.ZipPackage - Save part 'docProps/app.xml'
13:14:06.323 [main] DEBUG org.apache.poi.openxml4j.opc.ZipPackage - Save part 'docProps/core.xml'
13:14:06.325 [main] DEBUG org.apache.poi.openxml4j.opc.ZipPackage - Save part 'docProps/custom.xml'
13:14:06.325 [main] DEBUG org.apache.poi.openxml4j.opc.ZipPackage - Save part 'xl/sharedStrings.xml'
13:14:06.325 [main] DEBUG org.apache.poi.openxml4j.opc.ZipPackage - Save part 'xl/styles.xml'
13:14:06.326 [main] DEBUG org.apache.poi.openxml4j.opc.ZipPackage - Save part 'xl/theme/theme1.xml'
13:14:06.327 [main] DEBUG org.apache.poi.openxml4j.opc.ZipPackage - Save part 'xl/workbook.xml'
13:14:06.329 [main] DEBUG org.apache.poi.openxml4j.opc.ZipPackage - Save part 'xl/worksheets/sheet1.xml'
13:14:06.333 [main] DEBUG org.apache.poi.openxml4j.opc.ZipPackage - Save part 'xl/worksheets/sheet2.xml'
13:14:06.333 [main] DEBUG org.apache.poi.openxml4j.opc.ZipPackage - Save part 'xl/worksheets/sheet3.xml'
13:14:06.340 [main] DEBUG org.apache.poi.openxml4j.opc.PackageRelationshipCollection - Parsing relationship: /xl/_rels/workbook.xml.rels
13:14:06.341 [main] DEBUG org.apache.poi.openxml4j.opc.PackageRelationshipCollection - Parsing relationship: /xl/worksheets/_rels/sheet1.xml.rels
13:14:06.342 [main] DEBUG org.apache.poi.openxml4j.opc.PackageRelationshipCollection - Parsing relationship: /_rels/.rels
13:14:06.377 [main] DEBUG org.apache.poi.openxml4j.opc.ZipPackage - Save content types part
13:14:06.379 [main] DEBUG org.apache.poi.openxml4j.opc.ZipPackage - Save package relationships
13:14:06.381 [main] DEBUG org.apache.poi.openxml4j.opc.ZipPackage - Save part 'docProps/app.xml'
13:14:06.381 [main] DEBUG org.apache.poi.openxml4j.opc.ZipPackage - Save part 'docProps/core.xml'
13:14:06.383 [main] DEBUG org.apache.poi.openxml4j.opc.ZipPackage - Save part 'docProps/custom.xml'
13:14:06.385 [main] DEBUG org.apache.poi.openxml4j.opc.ZipPackage - Save part 'xl/sharedStrings.xml'
13:14:06.385 [main] DEBUG org.apache.poi.openxml4j.opc.ZipPackage - Save part 'xl/styles.xml'
13:14:06.385 [main] DEBUG org.apache.poi.openxml4j.opc.ZipPackage - Save part 'xl/theme/theme1.xml'
13:14:06.386 [main] DEBUG org.apache.poi.openxml4j.opc.ZipPackage - Save part 'xl/workbook.xml'
13:14:06.388 [main] DEBUG org.apache.poi.openxml4j.opc.ZipPackage - Save part 'xl/worksheets/sheet1.xml'
13:14:06.390 [main] DEBUG org.apache.poi.openxml4j.opc.ZipPackage - Save part 'xl/worksheets/sheet2.xml'
13:14:06.391 [main] DEBUG org.apache.poi.openxml4j.opc.ZipPackage - Save part 'xl/worksheets/sheet3.xml'
13:14:06.396 [main] INFO  TestBase.BaseClass - ******** started Execution of HomePage **********
13:14:06.520 [main] INFO  TestBase.BaseClass - ******** Suucessfully Entered into Home Page **********
13:14:09.225 [main] INFO  TestBase.BaseClass - ******** started Execution of Login Page **********
13:14:09.653 [main] INFO  TestBase.BaseClass - ******** started Execution of MyAccountPage **********
13:14:19.676 [main] DEBUG org.apache.poi.openxml4j.opc.PackageRelationshipCollection - Parsing relationship: /xl/_rels/workbook.xml.rels
13:14:19.677 [main] DEBUG org.apache.poi.openxml4j.opc.PackageRelationshipCollection - Parsing relationship: /xl/worksheets/_rels/sheet1.xml.rels
13:14:19.678 [main] DEBUG org.apache.poi.openxml4j.opc.PackageRelationshipCollection - Parsing relationship: /_rels/.rels
13:14:19.702 [main] DEBUG org.apache.poi.openxml4j.opc.PackageRelationshipCollection - Parsing relationship: /xl/_rels/workbook.xml.rels
13:14:19.703 [main] DEBUG org.apache.poi.openxml4j.opc.PackageRelationshipCollection - Parsing relationship: /xl/worksheets/_rels/sheet1.xml.rels
13:14:19.706 [main] DEBUG org.apache.poi.openxml4j.opc.PackageRelationshipCollection - Parsing relationship: /_rels/.rels
13:14:19.731 [main] DEBUG org.apache.poi.openxml4j.opc.PackageRelationshipCollection - Parsing relationship: /xl/_rels/workbook.xml.rels
13:14:19.731 [main] DEBUG org.apache.poi.openxml4j.opc.PackageRelationshipCollection - Parsing relationship: /xl/worksheets/_rels/sheet1.xml.rels
13:14:19.733 [main] DEBUG org.apache.poi.openxml4j.opc.PackageRelationshipCollection - Parsing relationship: /_rels/.rels
13:14:19.754 [main] DEBUG org.apache.poi.openxml4j.opc.PackageRelationshipCollection - Parsing relationship: /xl/_rels/workbook.xml.rels
13:14:19.755 [main] DEBUG org.apache.poi.openxml4j.opc.PackageRelationshipCollection - Parsing relationship: /xl/worksheets/_rels/sheet1.xml.rels
13:14:19.756 [main] DEBUG org.apache.poi.openxml4j.opc.PackageRelationshipCollection - Parsing relationship: /_rels/.rels
13:14:19.779 [main] DEBUG org.apache.poi.openxml4j.opc.PackageRelationshipCollection - Parsing relationship: /xl/_rels/workbook.xml.rels
13:14:19.781 [main] DEBUG org.apache.poi.openxml4j.opc.PackageRelationshipCollection - Parsing relationship: /xl/worksheets/_rels/sheet1.xml.rels
13:14:19.781 [main] DEBUG org.apache.poi.openxml4j.opc.PackageRelationshipCollection - Parsing relationship: /_rels/.rels
13:14:19.800 [main] DEBUG org.apache.poi.openxml4j.opc.PackageRelationshipCollection - Parsing relationship: /xl/_rels/workbook.xml.rels
13:14:19.802 [main] DEBUG org.apache.poi.openxml4j.opc.PackageRelationshipCollection - Parsing relationship: /xl/worksheets/_rels/sheet1.xml.rels
13:14:19.803 [main] DEBUG org.apache.poi.openxml4j.opc.PackageRelationshipCollection - Parsing relationship: /_rels/.rels
13:14:19.834 [main] DEBUG org.apache.poi.openxml4j.opc.PackageRelationshipCollection - Parsing relationship: /xl/_rels/workbook.xml.rels
13:14:19.835 [main] DEBUG org.apache.poi.openxml4j.opc.PackageRelationshipCollection - Parsing relationship: /xl/worksheets/_rels/sheet1.xml.rels
13:14:19.835 [main] DEBUG org.apache.poi.openxml4j.opc.PackageRelationshipCollection - Parsing relationship: /_rels/.rels
13:14:19.887 [main] DEBUG org.apache.poi.openxml4j.opc.PackageRelationshipCollection - Parsing relationship: /xl/_rels/workbook.xml.rels
13:14:19.890 [main] DEBUG org.apache.poi.openxml4j.opc.PackageRelationshipCollection - Parsing relationship: /xl/worksheets/_rels/sheet1.xml.rels
13:14:19.890 [main] DEBUG org.apache.poi.openxml4j.opc.PackageRelationshipCollection - Parsing relationship: /_rels/.rels
13:14:19.923 [main] DEBUG org.apache.poi.openxml4j.opc.ZipPackage - Save content types part
13:14:19.926 [main] DEBUG org.apache.poi.openxml4j.opc.ZipPackage - Save package relationships
13:14:19.927 [main] DEBUG org.apache.poi.openxml4j.opc.ZipPackage - Save part 'docProps/app.xml'
13:14:19.927 [main] DEBUG org.apache.poi.openxml4j.opc.ZipPackage - Save part 'docProps/core.xml'
13:14:19.931 [main] DEBUG org.apache.poi.openxml4j.opc.ZipPackage - Save part 'docProps/custom.xml'
13:14:19.931 [main] DEBUG org.apache.poi.openxml4j.opc.ZipPackage - Save part 'xl/sharedStrings.xml'
13:14:19.931 [main] DEBUG org.apache.poi.openxml4j.opc.ZipPackage - Save part 'xl/styles.xml'
13:14:19.932 [main] DEBUG org.apache.poi.openxml4j.opc.ZipPackage - Save part 'xl/theme/theme1.xml'
13:14:19.932 [main] DEBUG org.apache.poi.openxml4j.opc.ZipPackage - Save part 'xl/workbook.xml'
13:14:19.934 [main] DEBUG org.apache.poi.openxml4j.opc.ZipPackage - Save part 'xl/worksheets/sheet1.xml'
13:14:19.937 [main] DEBUG org.apache.poi.openxml4j.opc.ZipPackage - Save part 'xl/worksheets/sheet2.xml'
13:14:19.937 [main] DEBUG org.apache.poi.openxml4j.opc.ZipPackage - Save part 'xl/worksheets/sheet3.xml'
13:14:19.944 [main] DEBUG org.apache.poi.openxml4j.opc.PackageRelationshipCollection - Parsing relationship: /xl/_rels/workbook.xml.rels
13:14:19.945 [main] DEBUG org.apache.poi.openxml4j.opc.PackageRelationshipCollection - Parsing relationship: /xl/worksheets/_rels/sheet1.xml.rels
13:14:19.947 [main] DEBUG org.apache.poi.openxml4j.opc.PackageRelationshipCollection - Parsing relationship: /_rels/.rels
13:14:19.972 [main] DEBUG org.apache.poi.openxml4j.opc.ZipPackage - Save content types part
13:14:19.974 [main] DEBUG org.apache.poi.openxml4j.opc.ZipPackage - Save package relationships
13:14:19.976 [main] DEBUG org.apache.poi.openxml4j.opc.ZipPackage - Save part 'docProps/app.xml'
13:14:19.976 [main] DEBUG org.apache.poi.openxml4j.opc.ZipPackage - Save part 'docProps/core.xml'
13:14:19.978 [main] DEBUG org.apache.poi.openxml4j.opc.ZipPackage - Save part 'docProps/custom.xml'
13:14:19.978 [main] DEBUG org.apache.poi.openxml4j.opc.ZipPackage - Save part 'xl/sharedStrings.xml'
13:14:19.978 [main] DEBUG org.apache.poi.openxml4j.opc.ZipPackage - Save part 'xl/styles.xml'
13:14:19.979 [main] DEBUG org.apache.poi.openxml4j.opc.ZipPackage - Save part 'xl/theme/theme1.xml'
13:14:19.980 [main] DEBUG org.apache.poi.openxml4j.opc.ZipPackage - Save part 'xl/workbook.xml'
13:14:19.981 [main] DEBUG org.apache.poi.openxml4j.opc.ZipPackage - Save part 'xl/worksheets/sheet1.xml'
13:14:19.983 [main] DEBUG org.apache.poi.openxml4j.opc.ZipPackage - Save part 'xl/worksheets/sheet2.xml'
13:14:19.984 [main] DEBUG org.apache.poi.openxml4j.opc.ZipPackage - Save part 'xl/worksheets/sheet3.xml'
13:14:19.988 [main] INFO  TestBase.BaseClass - ******** started Execution of HomePage **********
13:14:20.121 [main] INFO  TestBase.BaseClass - ******** Suucessfully Entered into Home Page **********
13:14:22.675 [main] INFO  TestBase.BaseClass - ******** started Execution of Login Page **********
13:14:23.182 [main] INFO  TestBase.BaseClass - ******** started Execution of MyAccountPage **********
13:14:33.258 [main] DEBUG org.apache.poi.openxml4j.opc.PackageRelationshipCollection - Parsing relationship: /xl/_rels/workbook.xml.rels
13:14:33.260 [main] DEBUG org.apache.poi.openxml4j.opc.PackageRelationshipCollection - Parsing relationship: /xl/worksheets/_rels/sheet1.xml.rels
13:14:33.261 [main] DEBUG org.apache.poi.openxml4j.opc.PackageRelationshipCollection - Parsing relationship: /_rels/.rels
13:14:33.284 [main] DEBUG org.apache.poi.openxml4j.opc.PackageRelationshipCollection - Parsing relationship: /xl/_rels/workbook.xml.rels
13:14:33.285 [main] DEBUG org.apache.poi.openxml4j.opc.PackageRelationshipCollection - Parsing relationship: /xl/worksheets/_rels/sheet1.xml.rels
13:14:33.286 [main] DEBUG org.apache.poi.openxml4j.opc.PackageRelationshipCollection - Parsing relationship: /_rels/.rels
13:14:33.306 [main] DEBUG org.apache.poi.openxml4j.opc.PackageRelationshipCollection - Parsing relationship: /xl/_rels/workbook.xml.rels
13:14:33.307 [main] DEBUG org.apache.poi.openxml4j.opc.PackageRelationshipCollection - Parsing relationship: /xl/worksheets/_rels/sheet1.xml.rels
13:14:33.307 [main] DEBUG org.apache.poi.openxml4j.opc.PackageRelationshipCollection - Parsing relationship: /_rels/.rels
13:14:33.329 [main] DEBUG org.apache.poi.openxml4j.opc.PackageRelationshipCollection - Parsing relationship: /xl/_rels/workbook.xml.rels
13:14:33.329 [main] DEBUG org.apache.poi.openxml4j.opc.PackageRelationshipCollection - Parsing relationship: /xl/worksheets/_rels/sheet1.xml.rels
13:14:33.330 [main] DEBUG org.apache.poi.openxml4j.opc.PackageRelationshipCollection - Parsing relationship: /_rels/.rels
13:14:33.351 [main] DEBUG org.apache.poi.openxml4j.opc.PackageRelationshipCollection - Parsing relationship: /xl/_rels/workbook.xml.rels
13:14:33.352 [main] DEBUG org.apache.poi.openxml4j.opc.PackageRelationshipCollection - Parsing relationship: /xl/worksheets/_rels/sheet1.xml.rels
13:14:33.353 [main] DEBUG org.apache.poi.openxml4j.opc.PackageRelationshipCollection - Parsing relationship: /_rels/.rels
13:14:33.371 [main] DEBUG org.apache.poi.openxml4j.opc.PackageRelationshipCollection - Parsing relationship: /xl/_rels/workbook.xml.rels
13:14:33.372 [main] DEBUG org.apache.poi.openxml4j.opc.PackageRelationshipCollection - Parsing relationship: /xl/worksheets/_rels/sheet1.xml.rels
13:14:33.372 [main] DEBUG org.apache.poi.openxml4j.opc.PackageRelationshipCollection - Parsing relationship: /_rels/.rels
13:14:33.392 [main] DEBUG org.apache.poi.openxml4j.opc.PackageRelationshipCollection - Parsing relationship: /xl/_rels/workbook.xml.rels
13:14:33.393 [main] DEBUG org.apache.poi.openxml4j.opc.PackageRelationshipCollection - Parsing relationship: /xl/worksheets/_rels/sheet1.xml.rels
13:14:33.394 [main] DEBUG org.apache.poi.openxml4j.opc.PackageRelationshipCollection - Parsing relationship: /_rels/.rels
13:14:33.415 [main] DEBUG org.apache.poi.openxml4j.opc.PackageRelationshipCollection - Parsing relationship: /xl/_rels/workbook.xml.rels
13:14:33.416 [main] DEBUG org.apache.poi.openxml4j.opc.PackageRelationshipCollection - Parsing relationship: /xl/worksheets/_rels/sheet1.xml.rels
13:14:33.416 [main] DEBUG org.apache.poi.openxml4j.opc.PackageRelationshipCollection - Parsing relationship: /_rels/.rels
13:14:33.438 [main] DEBUG org.apache.poi.openxml4j.opc.PackageRelationshipCollection - Parsing relationship: /xl/_rels/workbook.xml.rels
13:14:33.439 [main] DEBUG org.apache.poi.openxml4j.opc.PackageRelationshipCollection - Parsing relationship: /xl/worksheets/_rels/sheet1.xml.rels
13:14:33.440 [main] DEBUG org.apache.poi.openxml4j.opc.PackageRelationshipCollection - Parsing relationship: /_rels/.rels
13:14:33.456 [main] DEBUG org.apache.poi.openxml4j.opc.PackageRelationshipCollection - Parsing relationship: /xl/_rels/workbook.xml.rels
13:14:33.456 [main] DEBUG org.apache.poi.openxml4j.opc.PackageRelationshipCollection - Parsing relationship: /xl/worksheets/_rels/sheet1.xml.rels
13:14:33.457 [main] DEBUG org.apache.poi.openxml4j.opc.PackageRelationshipCollection - Parsing relationship: /_rels/.rels
13:14:33.491 [main] DEBUG org.apache.poi.openxml4j.opc.ZipPackage - Save content types part
13:14:33.495 [main] DEBUG org.apache.poi.openxml4j.opc.ZipPackage - Save package relationships
13:14:33.496 [main] DEBUG org.apache.poi.openxml4j.opc.ZipPackage - Save part 'docProps/app.xml'
13:14:33.497 [main] DEBUG org.apache.poi.openxml4j.opc.ZipPackage - Save part 'docProps/core.xml'
13:14:33.498 [main] DEBUG org.apache.poi.openxml4j.opc.ZipPackage - Save part 'docProps/custom.xml'
13:14:33.499 [main] DEBUG org.apache.poi.openxml4j.opc.ZipPackage - Save part 'xl/sharedStrings.xml'
13:14:33.499 [main] DEBUG org.apache.poi.openxml4j.opc.ZipPackage - Save part 'xl/styles.xml'
13:14:33.500 [main] DEBUG org.apache.poi.openxml4j.opc.ZipPackage - Save part 'xl/theme/theme1.xml'
13:14:33.501 [main] DEBUG org.apache.poi.openxml4j.opc.ZipPackage - Save part 'xl/workbook.xml'
13:14:33.503 [main] DEBUG org.apache.poi.openxml4j.opc.ZipPackage - Save part 'xl/worksheets/sheet1.xml'
13:14:33.505 [main] DEBUG org.apache.poi.openxml4j.opc.ZipPackage - Save part 'xl/worksheets/sheet2.xml'
13:14:33.505 [main] DEBUG org.apache.poi.openxml4j.opc.ZipPackage - Save part 'xl/worksheets/sheet3.xml'
13:14:33.511 [main] DEBUG org.apache.poi.openxml4j.opc.PackageRelationshipCollection - Parsing relationship: /xl/_rels/workbook.xml.rels
13:14:33.512 [main] DEBUG org.apache.poi.openxml4j.opc.PackageRelationshipCollection - Parsing relationship: /xl/worksheets/_rels/sheet1.xml.rels
13:14:33.513 [main] DEBUG org.apache.poi.openxml4j.opc.PackageRelationshipCollection - Parsing relationship: /_rels/.rels
13:14:33.546 [main] DEBUG org.apache.poi.openxml4j.opc.ZipPackage - Save content types part
13:14:33.548 [main] DEBUG org.apache.poi.openxml4j.opc.ZipPackage - Save package relationships
13:14:33.550 [main] DEBUG org.apache.poi.openxml4j.opc.ZipPackage - Save part 'docProps/app.xml'
13:14:33.551 [main] DEBUG org.apache.poi.openxml4j.opc.ZipPackage - Save part 'docProps/core.xml'
13:14:33.553 [main] DEBUG org.apache.poi.openxml4j.opc.ZipPackage - Save part 'docProps/custom.xml'
13:14:33.553 [main] DEBUG org.apache.poi.openxml4j.opc.ZipPackage - Save part 'xl/sharedStrings.xml'
13:14:33.553 [main] DEBUG org.apache.poi.openxml4j.opc.ZipPackage - Save part 'xl/styles.xml'
13:14:33.554 [main] DEBUG org.apache.poi.openxml4j.opc.ZipPackage - Save part 'xl/theme/theme1.xml'
13:14:33.555 [main] DEBUG org.apache.poi.openxml4j.opc.ZipPackage - Save part 'xl/workbook.xml'
13:14:33.557 [main] DEBUG org.apache.poi.openxml4j.opc.ZipPackage - Save part 'xl/worksheets/sheet1.xml'
13:14:33.559 [main] DEBUG org.apache.poi.openxml4j.opc.ZipPackage - Save part 'xl/worksheets/sheet2.xml'
13:14:33.559 [main] DEBUG org.apache.poi.openxml4j.opc.ZipPackage - Save part 'xl/worksheets/sheet3.xml'
